id,title,original_title,release_date,vote_average,vote_count,popularity,genres,poster_path,overview,source
1339713,옵세션,Obsession,2026-05-13,7.917,800,669.5524,공포,https://image.tmdb.org/t/p/w500/bRwnj8WEKBCvmfeUNOukJPwB43K.jpg,"음반점 직원 베어(마이클 존스턴)는 어린 시절부터 짝사랑해 온 동료이자 소꿉친구 니키(인디 네버레티)에게 마음을 고백하지 못하고 있다. 용기를 내지 못한 베어는 우연히 발견한 신비로운 장난감 '원 위시 윌로(One Wish Willow)'를 통해 니키가 자신을 세상에서 가장 사랑하게 해달라고 소원을 빈다. 소원은 즉시 이루어지고, 니키는 베어에게 모든 것을 건 사랑을 쏟아붓는다. 하지만 이 사랑은 점점 집착으로 변질되고, 니키의 행동은 기이하고 공포스러운 방향으로 치닫는다. 때로는 본래의 니키가 잠시 깨어나 공포에 질려 비명을 지르기도 한다. 베어는 자신이 원했던 것이 정말 니키인지, 그리고 그 구분이 얼마나 중요한지라는 끔찍한 질문에 직면하게 된다. 소원의 대가가 그들 모두를 위협하는 가운데, 베어는 자신의 욕망이 초래한 비극적 결과와 마주해야 한다.",movie/popular
931285,모탈 컴뱃 2,Mortal Kombat II,2026-05-06,8.008,1394,579.1548,액션|판타지|모험,https://image.tmdb.org/t/p/w500/1NgBKiPrJzv1VHdEN8brdy59Rxo.jpg,"왕년의 할리우드 액션 스타 ‘쟈니 케이지’. 무기는 ‘잘생긴 얼굴’ 하나뿐인 그가 지구의 운명을 짊어진 어스렐름의 전사로 낙점되어, 자비 없는 선혈의 전장 ‘모탈 컴뱃’ 토너먼트 리그에 강제 투입된다. 죽을 때까지 결코 끝나지 않는 토너먼트 속 ‘쟈니 케이지’는 궁극의 악 ‘샤오 칸’에 맞서, 복수를 위해 칼날을 간 에데니아의 공주 ‘키타나’와 어스렐름의 정예 전사들과 함께 위험천만한 리얼 액션에 뛰어드는데…",movie/popular
936075,마이클,Michael,2026-04-22,8.645,2486,556.8145,음악|드라마,https://image.tmdb.org/t/p/w500/piMZqtd0gGS7OgkhDwiQ7vVViBQ.jpg,"어린 나이에 형제들과 ‘잭슨 파이브’ 그룹의 막내로 데뷔하자마자 음악적 천재성과 스타성으로 주목을 받은 ‘마이클 잭슨’. 전세계적인 스타로 성공하지만, 그는 가족에 대한 책임감과 자신의 음악적 정체성 사이에서 고민에 빠지게 된다.",movie/popular
1367220,கருப்பு,கருப்பு,2026-05-14,7.2,16,412.8818,액션|판타지,https://image.tmdb.org/t/p/w500/4KZXlZ5tTT6ghbW77gS4hSLkCd7.jpg,,movie/popular
1057265,పెద్ది,పెద్ది,2026-06-03,6.7,41,426.0296,액션|드라마,https://image.tmdb.org/t/p/w500/kJAJNNBYlbqAcpTDxBNnaILSMTy.jpg,,movie/popular
1308553,है जवानी तो इश्क होना है,है जवानी तो इश्क होना है,2026-06-04,5.471,17,341.0197,로맨스|코미디,https://image.tmdb.org/t/p/w500/vmlJvz6qVzYgei2V74GvnmcuQfW.jpg,,movie/popular
1275779,디스클로저 데이,Disclosure Day,2026-06-10,6.8,430,375.0176,액션|SF|스릴러,https://image.tmdb.org/t/p/w500/86EdVHOEFjFNPeE0sWjpCqcUORj.jpg,"우리가 혼자가 아니라는 사실을 알게 된다면, 누군가가 그것을 증명한다면, 그게 당신을 두렵게 하나요? 진실은 70억 인류 모두의 것입니다.",movie/popular
1226293,원초적 불륜,Salitan,2024-02-16,4.714,7,235.2681,드라마|로맨스,https://image.tmdb.org/t/p/w500/rMgG7cWuq9O6zhhLs2CbqIKVA8V.jpg,,movie/popular
1228710,만달로리안과 그로구,The Mandalorian and Grogu,2026-05-20,6.786,474,256.9239,액션|모험|SF,https://image.tmdb.org/t/p/w500/tMP99wq45GQMoeZwITgjAS8Wihm.jpg,은하계를 누비는 현상금 사냥꾼 ‘딘 자린’ & 치명적인 귀여움의 ‘그로구’,movie/popular
1226863,슈퍼 마리오 갤럭시,The Super Mario Galaxy Movie,2026-04-01,8.2,2618,261.279,가족|코미디|모험|판타지|애니메이션,https://image.tmdb.org/t/p/w500/knaXOBDBecVBWZVup3zXaOoy23v.jpg,"브루클린의 배관공에서 세계를 구한 히어로로 레벨업한 형제 ‘마리오’와 ‘루이지’는 모래 왕국에서 임무를 수행하던 중, 길을 잃은 ‘요시’를 구출하며 특별한 우정을 쌓게 된다. 한편, 무너진 ‘쿠파’ 가문의 명예를 되찾기 위해 악의 왕자 ‘쿠파주니어’는 은하계의 수호자이자 치코들의 엄마 ‘로젤리나’를 납치하고, 버섯 왕국에 잡힌 아빠 ‘쿠파’를 되찾기 위해 왕국을 습격한다. 다시 찾아온 위기 속에서 마리오와 루이지, 피치, 키노피오 그리고 새로 합류한 요시까지 로젤리나도 구하고, 쿠파주니어의 비범한 계획을 막기 위해 넓은 갤럭시로 뛰어들게 되는데…",movie/popular
1239134,भूत बंगला,भूत बंगला,2026-04-16,5.583,18,293.2174,공포|코미디,https://image.tmdb.org/t/p/w500/79RBp8afL4u4z3nVGR78z6eIvBB.jpg,,movie/popular
1103473,ಕೆಡಿ - ದಿ ಡೆವಿಲ್,ಕೆಡಿ - ದಿ ಡೆವಿಲ್,2026-04-30,7.5,2,220.9666,역사|범죄|액션|판타지,https://image.tmdb.org/t/p/w500/9cgwiPHZ57NjI0RKb2yIu8mUnNs.jpg,,movie/popular
1523145,Твоё сердце будет разбито,Твоё сердце будет разбито,2026-03-26,6.978,91,214.5581,로맨스|드라마,https://image.tmdb.org/t/p/w500/iGpMm603GUKH2SiXB2S5m4sZ17t.jpg,,movie/popular
454639,마스터즈 오브 유니버스,Masters of the Universe,2026-06-03,7.298,223,174.796,액션|판타지|SF,https://image.tmdb.org/t/p/w500/u3g020QxrnsMdHDw0vvv1NjeFJA.jpg,"아담이 전설의 검과 함께 자신의 운명을 받아들여 우주 최강의 전사 ‘히맨’으로 각성하게 되고, 파괴된 세계를 구하기 위해 스켈레토에 맞서 싸우는 SF히어로액션",movie/popular
1304313,리 크로닌의 미이라,Lee Cronin's The Mummy,2026-04-15,8.05,1843,179.8683,공포|미스터리,https://image.tmdb.org/t/p/w500/zXlwtzXP80yc3X0VokdxvmsFQfw.jpg,"한 기자의 어린 딸이 흔적도 없이 사막으로 사라진다. 그리고 8년 후, 산산이 부서진 가족은 그녀가 다시 돌아왔다는 소식에 충격을 받는다. 하지만 기쁨으로 가득해야 할 재회는 곧 살아 있는 악몽으로 변해간다.",movie/popular
11012,데미지,Damage,1992-12-02,6.6,689,181.0522,드라마|로맨스,https://image.tmdb.org/t/p/w500/bc6ADs3tcdyQFrGrSsmujKSEPYo.jpg,"모든 것을 다 가진 완벽한 남자 스티븐 플레밍(제러미 아이언스)은 어느 날 파티에서 아들 마틴(루퍼트 그레이브스)의 연인인 안나 바튼(줄리엣 비노쉬)을 만나게 된다. 스치는 찰나의 만남에서 서로를 향한 묘한 감정을 느낀 두 사람은 후에 재회하게 되고 되돌릴 수 없는 열정적 사랑에 빠지게 된다. 스티븐은 안나를 만나면 만날수록 마틴에 대한 죄책감을 느끼지만, 안나는 스티븐 그리고 마틴과의 관계를 자신만의 방법으로 각각 지속시켜 나간다. 그러던 중 마틴과 안나가 결혼 발표를 하게 되면서 스티븐과 안나의 금기된 사랑은 결국 파국을 향해 치닫게 되는데...",movie/popular
1293550,बंदर,बंदर,2026-06-05,7.0,1,156.5874,스릴러,https://image.tmdb.org/t/p/w500/3TrQUHmnEL2tOYf4KKkXb01BQt2.jpg,,movie/popular
1280738,분노의 추격,火遮眼,2026-06-10,8.043,35,171.7234,액션|범죄,https://image.tmdb.org/t/p/w500/ftFM5P0ucyUwIEMs88oqxCpkzjf.jpg,,movie/popular
912378,ദൃഢം,ദൃഢം,2026-05-08,7.0,1,175.61,범죄|스릴러,https://image.tmdb.org/t/p/w500/fXSdAujfiRRW6LqekN4FvFQidh3.jpg,,movie/popular
1007757,뒤바뀐 친구들의 신비한 모험,Swapped,2026-05-01,8.965,1694,162.9906,모험|애니메이션|가족|판타지,https://image.tmdb.org/t/p/w500/uv0iRQXDbtWHo1zPk3TZNo4Biti.jpg,갑자기 몸이 뒤바뀌게 된 작은 숲속 생물과 위풍당당한 새. 일생일대의 모험을 헤쳐나가기 위해 어쩔 수 없이 힘을 합친다.,movie/popular
28322,Vacanze per un massacro,Vacanze per un massacro,1980-03-20,4.969,32,156.5237,스릴러|액션|범죄,https://image.tmdb.org/t/p/w500/arRNmW27fs1TFsIBOwPYCfZQFJC.jpg,,movie/popular
687163,프로젝트 헤일메리,Project Hail Mary,2026-03-15,8.7,5122,152.4552,SF|모험,https://image.tmdb.org/t/p/w500/qqGpVVZk2KD1lAvccgTU4Z6nh1H.jpg,눈을 떠보니 아득한 우주의 한가운데에서 깨어난 중학교 과학교사 그레이스는 희미한 기억 속에서 자신이 죽어가는 태양으로부터 지구와 인류를 살릴 마지막 희망으로 이곳에 왔다는 사실을 알게 된다. 잃어버린 기억으로 인해 모든 것이 혼란스러운 상황에서 그레이스는 우연히 우주 한복판에서 같은 목적으로 온 뜻밖의 존재 로키를 만나게 되고 그레이스와 로키는 각 두 행성의 운명을 건 마지막 미션을 수행하러 떠나게 되는데…,movie/popular
1439930,퍼니셔 원 라스트 킬,The Punisher: One Last Kill,2026-05-12,8.349,1616,144.7455,액션|드라마|범죄,https://image.tmdb.org/t/p/w500/dfKKipbQswChklXaaVTh6FP3oaJ.jpg,복수 이상의 의미를 찾아 헤매던 프랭크 캐슬은 뜻밖의 싸움을 다시 시작하게 된다.,movie/popular
1122573,인 더 그레이,In the Grey,2026-05-13,6.6,234,153.9684,액션|스릴러,https://image.tmdb.org/t/p/w500/dQgIcW6Th08kMRf2HBoYWoFE6OD.jpg,"그림자 속에서 은밀히 살아가는 최정예 비밀 작전팀이 있다. 냉혹한 독재자가 10억 달러에 달하는 재산을 훔치자 그들은 그것을 되찾기 위해 투입된다. 그러나 그 임무는 전략과 기만, 생존이 뒤엉킨 치명적인 게임으로 번지는 불가능한 강탈 작전이 된다.",movie/popular
1358005,오피스 로맨스,Office Romance,2026-06-04,6.512,204,132.655,로맨스|코미디,https://image.tmdb.org/t/p/w500/udcNzdIqZMiVYYvq50XDEPhpJks.jpg,비밀스러운 사내 연애에 빠진 두 워커홀릭이 감정에 이끌리며 예상치 못한 곤경에 빠진다.,movie/popular
1604143,나는 신혼 너는 재혼,나는 신혼 너는 재혼,2021-08-12,0.0,0,229.4319,드라마,https://image.tmdb.org/t/p/w500/wTFF1SFTDYL7M1yWjY0K8Ga5pZS.jpg,,movie/popular
1582770,두란다르: 더 리벤지,धुरंधर: द रिवेंज,2026-03-18,7.3,118,137.8492,액션|범죄|스릴러,https://image.tmdb.org/t/p/w500/hsJG5r6etrMNwW00BVp4NC7zi67.jpg,카라치의 암흑가를 상대로 한 함자의 싸움이 계속된다. 인도 역대 최고 흥행을 기록한 힌디어 영화 《Dhurandhar》의 속편,movie/popular
1380291,톰 클랜시의 잭 라이언: 고스트 워,Tom Clancy's Jack Ryan: Ghost War,2026-05-20,7.086,568,123.7577,액션|스릴러,https://image.tmdb.org/t/p/w500/3PufRWSVgSVwIr9M5YOmx4gu5Fu.jpg,"잭 라이언은 국제 비밀 작전으로 치명적인 음모의 실체가 드러나면서 마지못해 다시 첩보의 세계로 끌려 들어간다. 시간과의 싸움 속에서 그는 CIA 동료 마이크 노벰버, 제임스 그리어, 그리고 냉철한 MI6 요원 에마 말로와 함께 통제권을 벗어난 블랙옵스 부대에 맞서며, 지금껏 가장 뼈아프고 혹독한 작전을 펼쳐나간다.",movie/popular
976912,그래픽 디자이어,Graphic Desires,2023-08-31,6.935,92,133.3214,스릴러|범죄,https://image.tmdb.org/t/p/w500/8EHehEMsJVIPp2n2ROhZU8dbpJC.jpg,친구의 소개로 데이팅 앱에 가입한 '프랭크'  연인 몰래 앱을 통해 만난 여성에게 강한 성적 끌림을 느낀 그는 다시 그녀를 찾지만 여자는 사라지고 계정도 비활성화된다.  현실과 가상을 넘나들며 그녀를 찾아 헤매는 동안 그는 점점 데이팅 앱에 중독되고 결국 예기치 못한 사건에 휘말리고 마는데∙∙∙,movie/popular
1084244,토이 스토리 5,Toy Story 5,2026-06-17,7.222,18,132.4506,애니메이션|가족|코미디|모험,https://image.tmdb.org/t/p/w500/AqrJx3nVVMlKWXGaPIH32GzjEJA.jpg,"“시대는 변해도, 친구들은 영원하다"" 스마트 태블릿 ’릴리패드'의 등장으로 온라인 세계에 모여들게 된 아이들. 친구들과 어울리기 위해 ‘보니’에게도 ‘릴리패드’가 생기게 되고, 장난감들은 점점 일상에서 밀려나게 된다. '제시'는 이 위기를 해결하기 위해 자신만의 길을 떠났던 '우디'에게 도움을 요청하게 되는데… 다시 뭉친 '제시', '우디', '버즈'는 '보니'의 마음을 되돌리고 ‘보니’의 진정한 친구를 찾아줄 수 있을까? ""장난감 VS 전자기기! 새로운 세상 속, 멈춰있던 장난감들이 다시 움직이기 시작한다!""",movie/popular
1419406,포풍추영,捕风追影,2025-08-16,7.768,859,121.4666,액션|범죄|드라마|스릴러,https://image.tmdb.org/t/p/w500/uiIT7CsJ4V7rMnTqy7xYvj9IRhs.jpg,"첨단 감시 시스템과 삼엄한 보안망을 무력화하고, 수십억을 탈취한 정체불명의 범죄 조직. 통제 불능의 범죄에 마카오 경찰은 결국 은퇴한 전설의 범죄 추적 전문가 ‘황더중’에게 도움을 요청한다. 황더중은 신입 경찰 ‘허추궈’와 함께 최정예 감시반을 구성해, 범죄 조직의 수장 ‘푸룽성’을 추적하기 시작한다. 하지만 수사망이 조여올수록 상대의 덫과 함정은 더욱 교묘해지고, 예상치 못한 반격 속에 황더중 역시 추적당하기 시작하는데…",movie/popular
1628448,우린 망했다,माँ बहन,2026-06-04,6.7,9,108.9136,코미디|스릴러|드라마,https://image.tmdb.org/t/p/w500/dpQIeEunpgj0C4rngb6OFb4zSd1.jpg,소원했던 딸들과 어머니 앞에 해결해야 할 문제가 닥친다. 이제 그들은 뭐 하나 비밀로 할 수 없는 참견 많은 동네에서 범죄를 은폐해야 한다.,movie/popular
270473,ฟัด จัง โตะ,ฟัด จัง โตะ,2013-12-25,5.5,2,91.1042,코미디|로맨스,https://image.tmdb.org/t/p/w500/4x32HOq15WeTxNcda6oJaWmbNxp.jpg,,movie/popular
1083381,백룸,Backrooms,2026-05-27,6.901,559,120.7205,공포|미스터리|SF,https://image.tmdb.org/t/p/w500/c3Cb7h4ecFsGfUM02KF638kbbtC.jpg,존재해서는 안 될 미지의 공간 ‘백룸’ 속으로 사라진 사람들의 극한 상황을 그린 공간 스릴러,movie/popular
1327819,호퍼스,Hoppers,2026-03-04,8.2,1608,120.5732,모험|애니메이션|코미디|가족|SF,https://image.tmdb.org/t/p/w500/vJu9THzQ26Q5sWOVnhOkuRH5M1P.jpg,"오랜 연구 끝에 개발한 ‘호핑’ 기술로 동물 세계에 가까이 갈 수 있음을 알게 된 주인공 ‘메이블’은 마치 ‘아바타’ 같다며 신기해하고, 직접 로봇 비버가 되어 동물들의 세계에 잠입한다. 그들의 말을 알아듣게 된 ‘메이블’은 진짜 동물이 된 것처럼 동물 세상을 경험하는 가운데, 연못에 있던 다른 비버에게 달려드는 곰을 막아서지만 그들에겐 그들만의 질서와 법칙이 있다는 사실을 알게 된다. ‘호핑‘ 기술을 개발한 박사는 이 기술을 자연계 질서를 어지럽히는 데 쓰면 안 된다고 경고하지만, ‘메이블’은 통신을 끊어버려 이후 예측불가의 모험이 펼쳐질 것을 예고한다.",movie/popular
83533,아바타: 불과 재,Avatar: Fire and Ash,2025-12-17,7.587,3463,108.0377,SF|모험|판타지,https://image.tmdb.org/t/p/w500/l18o0AK18KS118tWeROOKYkF0ng.jpg,"인간들과의 전쟁으로 첫째 아들 ‘네테이얌’을 잃은 후, ‘제이크’와 ‘네이티리’는 깊은 슬픔에 빠진다. 상실에 빠진 이들 앞에 '바랑'이 이끄는 재의 부족이 등장하면서, 판도라는 더욱 큰 위험에 빠지게 되고, ‘설리’ 가족은 선택의 기로에 서게 되는데…",movie/popular
1536233,The Summoning of Baby Blue,The Summoning of Baby Blue,2025-10-15,5.0,6,110.437,공포,https://image.tmdb.org/t/p/w500/fDyjVv5ryBYDiE1sN9mbBbZycBL.jpg,,movie/popular
1288341,세븐 스나이퍼스,Seven Snipers,2026-04-30,5.7,33,97.5032,액션|스릴러,https://image.tmdb.org/t/p/w500/xIZ8huVdXCL7OMtsjd3XvmFP5sK.jpg,과거 자신을 포로로 잡았던 무자비한 군벌에게 쫓기게 된 전직 엘리트 저격수. 그녀는 외딴 호주의 농장에서 남몰래 키워온 딸을 지키기 위해 목숨을 건 사투를 벌여야만 한다.,movie/popular
204407,Bosco d'amore,Bosco d'amore,1981-09-08,4.667,6,93.3397,드라마|로맨스,https://image.tmdb.org/t/p/w500/jNV46xSIONTEvIAWon6NnveH7eG.jpg,,movie/popular
1694978,Chum,Chum,2026-05-27,5.1,11,101.948,공포,https://image.tmdb.org/t/p/w500/uJOW6pWxJ0i5sji9VXRR6Y1wXyE.jpg,,movie/popular
1430077,호컴,Hokum,2026-04-29,6.69,234,94.1962,공포,https://image.tmdb.org/t/p/w500/jKPWwsbAM6HKURPYQ1eG8DmKMKn.jpg,"소설가 옴 바우만은 부모님의 유골을 뿌리기 위해 외딴 숙소를 찾지만, 이내 허니문 스위트룸에 출몰한다는 마녀의 이야기에 사로잡힌다. 기괴한 환영과 충격적인 실종 사건이 이어지면서, 그는 결국 자신의 과거 속 어두운 구석을 마주해야만 하는 상황에 직면한다.",movie/popular
1311031,극장판 귀멸의 칼날: 무한성편,劇場版「鬼滅の刃」無限城編 第一章 猗窩座再来,2025-07-18,7.724,863,100.1295,애니메이션|액션|판타지,https://image.tmdb.org/t/p/w500/m6Dho6hDCcL5KI8mOQNemZAedFI.jpg,"혈귀로 변해버린 여동생 네즈코를 인간으로 되돌리기 위해 혈귀를 사냥하는 조직인 《귀살대》에 입대한 카마도 탄지로. 입대 후 동료인 아가츠마 젠이츠, 하시비라 이노스케와 함께 많은 혈귀와 싸우고, 성장하면서 세 사람의 우정과 유대는 깊어진다. 탄지로는 《귀살대》 최고위 검사인 《주》와도 함께 싸웠다. 「무한열차」에서는 염주・렌고쿠 쿄쥬로, 「유곽」에서는 음주・우즈이 텐겐, 「도공 마을」에서는 하주・토키토 무이치로, 연주・칸로지 미츠리와 함께 혈귀를 상대로 격렬한 전투를 벌였다. 그 후 다가올 혈귀와의 결전에 대비해 귀살대원들과 함께 《주》가 주도하는 합동 강화 훈련에 참가해 훈련을 받던 도중 《귀살대》의 본부인 우부야시키 저택에 나타난 키부츠지 무잔. 어르신의 위기에 달려온 《주》들과 탄지로였지만, 무잔의 술수로 의문의 공간으로 떨어지고 말았는데. 탄지로 일행이 떨어진 곳, 그곳은 혈귀의 본거지 《무한성》─ “귀살대”와 “혈귀”의 최종 결전의 포문이 열린다.",movie/popular
1241752,홀로 남은 아내: 리타,Rita,2024-03-22,5.979,24,91.853,드라마,https://image.tmdb.org/t/p/w500/grIFQLXXwQmjvYYfXVXCgGTMUWw.jpg,"해외로 떠난 남편을 기다리며 홀로 남겨진 리타. 끝없는 외로움은 그녀를 서서히 다른 사람의 품으로 이끌고, 남편 역시 타국에서 비밀스러운 위안을 찾는다. 재회한 두 사람은 아무 일도 없었던 듯 일상을 이어가려 하는데, 둘의 결혼은 결국 파국을 맞는다.",movie/popular
1390300,오버 유어 데드 바디,Over Your Dead Body,2026-03-14,6.547,243,96.4284,액션|코미디|스릴러,https://image.tmdb.org/t/p/w500/kZCauMzAt9eMAhLMopCqnFw1Q5k.jpg,"관계가 삐걱거리는 한 커플이 ‘다시 가까워지기’ 위해 외딴 산장으로 향하지만, 사실 둘 다 서로를 죽이려는 은밀한 속셈을 품고 있다.",movie/popular
1092936,홀리 보이,La valle dei sorrisi,2025-09-17,6.963,136,92.0132,공포|스릴러|드라마,https://image.tmdb.org/t/p/w500/wZWBXIsX3QBXf94vzCSUqlZDp57.jpg,과거의 상처를 간직한 교사 세르지오는 평온한 레미스로 전근을 간다. 새출발을 위한 장소로 안성맞춤인 마을에는 놀라운 비밀이 숨겨져 있다. 이곳의 15세 소년 마테오와 포옹하면 누구나 마음의 평안을 얻을 수 있다. 하지만 마테오에 대한 공동체의 의존이 과도해지자 세르지오는 그를 구하려고 노력한다.,movie/popular
1290821,쉘터,Shelter,2026-01-28,7.662,1243,93.177,액션|범죄|스릴러,https://image.tmdb.org/t/p/w500/tS3UZlVfESO4z8inIZXGiHNgDfE.jpg,"등대에 홀로 숨어살던 한 남자. 그 앞에 홀로 나타난 한 소녀. 이제 소녀를 지키기 위해, 그 남자의 숨겨왔던 액션 본능이 깨어난다!",movie/popular
1560681,악의 색깔: 블랙,Kolory zła: Czerń,2026-06-10,6.663,52,88.123,스릴러|미스터리|범죄,https://image.tmdb.org/t/p/w500/kqGS7zqOjMK6LsV6XjKUz5yreYZ.jpg,한적한 도시에서 한 소년이 실종된다. 사건을 조사하던 신임 검사는 오래된 실종 사건과의 예상치 못한 연관성을 밝혀내기 시작한다.,movie/popular
1486860,Haunted 3D: Echoes of the Past,Haunted 3D: Echoes of the Past,2026-06-12,0.0,0,97.2529,공포,https://image.tmdb.org/t/p/w500/2JzXsjm4xrbyHaK5VwAYuyMtsEX.jpg,,movie/popular
1273221,무서운 영화,Scary Movie,2026-06-03,5.5,292,83.8849,코미디|공포,https://image.tmdb.org/t/p/w500/reZ8NInXjMkkaOpUHcI3Pn7iaRN.jpg,,movie/popular
12104,핑크 플로이드의 벽,Pink Floyd: The Wall,1982-07-14,7.929,1654,77.0422,음악|드라마,https://image.tmdb.org/t/p/w500/aElHyIdF5jmctFGhlhhaPFsbBJC.jpg,"전쟁으로 아버지를 잃은 핑크(Pink: 봅 제도프 분)는 엄마와 단둘이 외롭게 살아간다. 늘 혼자인 핑크는 전쟁 공포증과 더불어 자유로운 사고를 가로막는 교육 제도에 적응하지 못하고 방황한다. 이런 부적응이 세상이 다 자신을 향해 쌓은 벽이라 생각한 그는 틀에 박힌 관념과 행동양식에 파괴의식을 느낀다. 성장하여 록스타가 되었지만 사람들의 박수는 참을 수 없는 짐이 되고, 사랑에도 실패한 핑크는 세상과 벽을 쌓는 자학적인 행동을 하면서 소외도디고 불안정한 생활을 지속한다.",movie/popular
1285366,사랑의 형태,愛のぬくもり,2024-07-06,5.0,3,68.198,로맨스,https://image.tmdb.org/t/p/w500/vTtq8iqEQlmgDTec9oe3YzjkOGT.jpg,"길거리에서 부딪힌 것을 계기로 몸이 뒤바뀌고 만 소설가 '타카시'와 미용사 '사토미'. 그들은 다시 원래의 몸으로 돌아갈 방법을 찾을 때까지 서로를 연기하며 생활하기로 한다. 그러던 중, 둘 다 사랑하는 사람과의 관계가 삐걱이고 있음을 알게 된다. 타인이면서 본인인 '타카시'와 '사토미'는 서로의 인생을 나아지게 하기 위한 고군분투를 시작하는데...",movie/popular
1433117,கர,கர,2026-04-30,6.1,22,80.6489,범죄|드라마|스릴러,https://image.tmdb.org/t/p/w500/uIrFdMWlJFdc1jPBP9bxeaISCDj.jpg,,movie/popular
4247,무서운 영화,Scary Movie,2000-07-07,6.414,7855,80.8573,코미디,https://image.tmdb.org/t/p/w500/7WgS8qO4KYZxjUQMs0JSFxqcYgn.jpg,"{""나는 네가 지난 할로윈 데이에 소리치는 걸보고 육감적으로 뭔가 특별한 일이 일어날 것이라는 것을 알았다!!""}  팝콘을 튀기던 드류에게 음산한 목소리의 남자에게서 이상한 전화가 걸려온다. ""공포영화를 좋아하냐?""는 괴기한 질문을 던지고, 갑자기 등장해 그녀를 해치려 든다. 달아나는 드류는 속옷바람으로 슈퍼모델인양 멋진 포즈로 취하기도 하지만 결국 집으로 오던 그녀의 아버지의 차에 치어 죽고 만다. 드류가 죽었다는 소식을 전해들은 친구 신디는 드류의 죽음에 어떤 의문이 숨어있을까를 고민하다 문득 지난 할로윈 데이에 있었던 일을 떠올리는데..  흥겨운 할로윈 데이 파티를 마치고 집으로 돌아가던 고등학교 친구들 신디, 바비와 버피, 브렌다, 그렉, 레이 등은 차안에서 정신없이 즐기다 타고 있던 차에 한 사내를 치고 만다. 쓰러진 사내는 죽지 않고 일어나지만, 어이없게도 그 사내는 날아온 콜라병을 맞고 그자리에서 즉사하고 만다. 그 끔직한 사건과 드류의 죽음에 뭔가 연관이 있다고 느낀 신디는 친구들과 자신에게도 곧 위협이 닥칠 것이라고 예감하는데...",movie/popular
1522126,1000 Men and Me: The Bonnie Blue Story,1000 Men and Me: The Bonnie Blue Story,2025-07-29,5.357,21,85.0289,다큐멘터리|TV 영화,https://image.tmdb.org/t/p/w500/5dcgoyf8nt6Xt4VSR6Nrn6nwhuz.jpg,,movie/popular
278,쇼생크 탈출,The Shawshank Redemption,1994-09-23,8.722,30570,76.5797,드라마|범죄,https://image.tmdb.org/t/p/w500/qV9BQZdiM8foEzDz0Ag5hGWE5qM.jpg,"촉망받는 은행 간부 앤디 듀프레인은 아내와 그녀의 정부를 살해했다는 누명을 쓴다. 주변의 증언과 살해 현장의 그럴듯한 증거들로 그는 종신형을 선고받고 악질범들만 수용한다는 지옥같은 교도소 쇼생크로 향한다. 인간 말종 쓰레기들만 모인 그곳에서 그는 이루 말할 수 없는 억압과 짐승보다 못한 취급을 당한다. 그러던 어느 날, 간수의 세금을 면제받게 해 준 덕분에 그는 일약 교도소의 비공식 회계사로 일하게 된다. 그 와중에 교도소 소장은 죄수들을 이리저리 부리면서 검은 돈을 긁어 모으고 앤디는 이 돈을 세탁하여 불려주면서 그의 돈을 관리하는데...",movie/popular
1363387,사카린,Saccharine,2026-05-22,6.31,21,84.1113,공포,https://image.tmdb.org/t/p/w500/wTlqMc4Jt8ZBtHh8CREblU3ajAB.jpg,"사랑에 상처받은 의대생 하나는, 인간의 유골을 먹는 기이한 다이어트에 가담한 이후 굶주린 귀신에게 시달리기 시작한다.",movie/popular
1318447,정점,Apex,2026-04-24,6.815,1473,78.2023,액션|스릴러,https://image.tmdb.org/t/p/w500/wGHGVAJGTn2BqsuFfPK8lzPiKjH.jpg,"슬픔에 잠긴 채 호주 오지로 모험을 떠난 여성. 홀로 자신의 한계를 밀어붙이던 중 목숨을 노리는 살인마를 맞닥뜨리고, 그가 교활하게 설계한 뒤틀린 게임에 속수무책으로 휘말린다.",movie/popular
1431068,मैं वापस आऊंगा,मैं वापस आऊंगा,2026-06-10,6.0,1,89.1958,로맨스|드라마,https://image.tmdb.org/t/p/w500/8n7OeeyAqwmGS81Is2c6Ho65tgW.jpg,,movie/popular
1297842,고트: 더 레전드,GOAT,2026-02-11,8.1,800,75.0943,애니메이션|코미디|가족,https://image.tmdb.org/t/p/w500/otP94vckeMXAgQxzhcRkZSeSmYv.jpg,"큰 꿈을 품은 작은 염소 윌은 세계에서 가장 빠르고 사나운 동물들이 지배하는 고강도 혼성 풀컨택트 스포츠 ‘로어볼’의 프로 리그에 합류할 단 한 번의 기회를 얻게 된다. 새 팀의 동료들은 작은 염소가 팀 명단에 오른 것을 탐탁지 않게 여기지만, 윌은 ‘작아도 충분히 해낼 수 있다’는 것을 증명하고 스포츠의 판도를 바꾸겠다는 굳은 결의를 다진다. 이를 위해 그는 지금까지 한 번도 해본 적 없는 도전에 나서야 한다.",movie/popular
1084242,주토피아 2,Zootopia 2,2025-11-26,7.7,2951,68.9162,애니메이션|모험|코미디|미스터리|가족,https://image.tmdb.org/t/p/w500/ib6v6qUXzez1x2qIOLN7C0yJNPQ.jpg,"미스터리한 뱀 게리가 나타난 순간, 주토피아가 다시 흔들리기 시작했다! 혼란에 빠진 도시를 구하기 위해 환상의 콤비 주디와 닉이 잠입 수사에 나서고 상상 그 이상의 진실과 위협을 마주하게 되는데...!",movie/popular
980431,아앙: 더 라스트 에어벤더,Avatar Aang: The Last Airbender,2026-10-09,0.0,0,69.3658,액션|모험|애니메이션|판타지,https://image.tmdb.org/t/p/w500/29Jdsak3SrwGds5k1t43kH6Khed.jpg,,movie/popular
1305781,표인: 풍기대막,镖人：风起大漠,2026-02-17,7.025,59,70.554,액션|드라마|역사,https://image.tmdb.org/t/p/w500/ki0ilBYgbOZKUuE1NN53FYWK9zQ.jpg,"광활한 사막에서 표국, 관군, 상인 세력 등 수많은 집단이 권력을 차지하기 위해 치열하게 다툰다. 전설적인 현상금 사냥꾼 도마는 한 남자를 장안까지 호송하는 임무를 맡는다. 그러나 자신이 호송하는 인물이 사실은 제국에서 가장 위험한 수배자 지시랑임을 알게 되고, 거액의 현상금을 둘러싼 목숨 건 사투가 펼쳐진다.",movie/popular
350,악마는 프라다를 입는다,The Devil Wears Prada,2006-06-29,7.4,13732,65.71,드라마|코미디,https://image.tmdb.org/t/p/w500/lxjGbkRnY9d2j8cxIHxX57NNvRH.jpg,명문대를 졸업한 소도시 출신의 앤드리아 삭스. 최고의 저널리스트 꿈을 안고 뉴욕에 상경하지만 그녀의 이력서를 보고 연락이 온 곳은 딱 한곳. 세계 최고의 패션지 런웨이 뿐이다. 그것도 기자가 아닌 편집장 미란다의 말단 비서로서. 미란다 프리슬리는 세계 패션쇼의 스케쥴을 바꿀 수 있을 만큼의 거물이지만 까다로운 완벽주의자로 악명이 높다. 직장생활의 꿈에 부푼 앤드리아. 그러나 현실은 지옥 그 자체. 악마 같은 미란다 밑에서 그녀는 과연 살아남을 수 있을까?,movie/popular
39254,리얼 스틸,Real Steel,2011-09-28,7.107,9224,65.3727,액션|SF|드라마,https://image.tmdb.org/t/p/w500/lbN080kn6nzq978jqsdgxci9llR.jpg,"치열한 로봇 파이터들의 세계를 그려낸 블록버스터  로봇 파이터의 불가능한 도전이 시작된다!  2020년, 관중들의 뜨거운 열기로 가득 찬 복싱 경기장. 링 위에서 숨 막히는 승부를 펼치는 이들은 무려 900kg에 2m 50cm가 넘는 거대한 로봇 파이터들이다.  인간이 아닌 로봇 파이터들이 사각의 링을 지배하는 시대! 챔피언 타이틀 도전에 실패한 전직 복서 출신 찰리 켄튼(휴 잭맨)은 지하의 복싱 세계를 전전하며 삼류 프로모터로 살아가고 있다. 겨우 번 돈으로 구입한 고철 덩어리를 로봇 파이터로 만들어 지하의 복싱 세계를 벗어나 재기하려는 찰리는 어느 날 존재도 모르고 지낸 아들 맥스(다코다 고요)의 소식을 접하고 임시 보호를 맡게 된다. 어쩔 수 없이 한 팀이 된 그들은 맥스가 우연히 발견한 고철 로봇 ‘아톰’을 최고의 파이터로 키워내기 위한 훈련을 시작한다.  오직 승자와 패자만이 존재하는 무자비한 사각의 링 위, 이제 더 이상 물러날 곳이 없는 찰리와 맥스, 그리고 ‘아톰’의 불가능한 도전이 시작된다!",movie/popular
1472951,킬링 미션,Infiltrate,2026-04-10,5.471,17,63.8607,액션|스릴러,https://image.tmdb.org/t/p/w500/HjapTwwYaWBz4qC2Lg3mKqFlNJ.jpg,"베테랑 요원 릴리가 납치된 남편을 구하고자 범죄 조직 심장부로 잠입하지만, 이어지는 의문의 지시에 따라 지하 세계의 잔혹한 음모에 휘말린다, 정교한 함정 속에서 목숨을 건 추격전이 펼쳐지고 마주한 진실이 모든 것을 뒤흔든다.",movie/popular
1291608,두란다르,धुरंधर,2025-12-05,7.2,306,67.5654,액션|범죄|스릴러,https://image.tmdb.org/t/p/w500/8FHOtUpNIk5ZPEay2N2EY5lrxkv.jpg,"1999년 12월 30일, 인도 외무부 장관 데바브라트 카푸르와 정보국의 국장인 아제이 산얄(M. 마다반)은 인도 항공기를 납치한 테러범인 자후르 미스트리와 협상을 벌여 세 명의 테러범들을 석방하고 칸다하르에 억류된 승객들의 목숨을 대가로 1천만 달러의 몸값을 지불한다. R&AW의 특별 비서관 K.S. 불라르는 파키스탄의 테러 조직에 침투하자는 산얄의 제안을 거부하지만, 장관인 데바브라트는 2001년 인도 의회의 공격 이후 산얄의 비밀 작전인 ""두란다르 작전""을 승인하게 되는데...",movie/popular
157336,인터스텔라,Interstellar,2014-11-05,8.478,40024,69.9304,모험|드라마|SF,https://image.tmdb.org/t/p/w500/evoEi8SBSvIIEveM3V6nCJ6vKj8.jpg,"세계 각국의 정부와 경제가 완전히 붕괴된 미래가 다가온다. 지난 20세기에 범한 잘못이 전 세계적인 식량 부족을 불러왔고, NASA도 해체되었다. 나사 소속 우주비행사였던 쿠퍼는 지구에 몰아친 식량난으로 옥수수나 키우며 살고 있다. 거센 황사가 몰아친 어느 날 알 수 없는 힘에 이끌려 딸과 함께 도착한 곳은 인류가 이주할 행성을 찾는 나사의 비밀본부. 이 때 시공간에 불가사의한 틈이 열리고, 이 곳을 탐험해 인류를 구해야 하는 임무를 위해 쿠퍼는 만류하는 딸을 뒤로한 채 우주선에 탑승하는데...",movie/popular
226674,L'Adolescente,L'Adolescente,1979-01-24,4.5,15,60.3032,드라마,https://image.tmdb.org/t/p/w500/v7yCEzF9BCF82lbp42X5ZLjIieo.jpg,,movie/popular
1613798,복수,Venganza,2026-02-26,7.498,256,60.1819,액션|스릴러,https://image.tmdb.org/t/p/w500/26milocWotfItrjwnadk4gyHwyi.jpg,"훈장을 받은 특수부대 영웅 카를로스 에스트라다. 아내가 잔인하게 살해당한 그에게 이제 남은 단 하나는 목표는 바로 복수다. 예상치 못한 운명의 장난으로 백만장자가 된 카를로스는 자신의 재산을 군수 물자로 바꾼다. 그리고 가장 신뢰하는 부하들과 함께, 사건의 배후를 향한 끈질긴 추격전을 시작한다.",movie/popular
460465,모탈 컴뱃,Mortal Kombat,2021-04-07,7.047,6784,56.3111,액션|판타지|모험,https://image.tmdb.org/t/p/w500/3dTg1pgasstOa0XJTwt3dBFHjFf.jpg,어스렐름와 아웃월드의 최강 챔피언들이 지구의 운명을 걸고 벌이는 서바이벌 대혈전 모탈 컴뱃. MMA 격투 선수 콜 영은 대전을 앞두고 선택 받은 전사들을 사전에 제거하려는 서브제로의 공격을 받는다. 지구와 가족을 보호하고 자기 혈통의 비밀을 알아내기 위해 모탈 컴뱃 토너먼트에 참가해 죽음의 전투를 치러야 한다!,movie/popular
744275,애프터: 관계의 함정,After We Fell,2021-09-01,7.003,2746,56.6679,드라마|로맨스,https://image.tmdb.org/t/p/w500/o0PgoBD6jLYId3LYpu9yUY06SLT.jpg,"영국 런던에서 미국 시애틀까지, 핫스팟에서 시작된 사랑의 클라이맥스! 첫사랑, 첫키스, 첫경험, 설렘 가득했던 처음을 뒤로 하고 꿈을 위해 잠시 서로를 떠나게 된 하딘과 테사. 각자 영국 런던과 미국 시애틀에서 롱디 연애를 앞둔 두 사람은 시간과 장소를 가리지 않고 달콤한 사랑을 속삭인다. 하지만 연애와 꿈의 갈림길에 선 둘은 서로에게 감춘 '누군가'의 존재와 예상치 못한 비밀까지 알게 되면서 사랑의 클라이맥스에 치닫게 되는데…",movie/popular
1220522,డెకాయిట్,డెకాయిట్,2026-04-10,6.6,5,55.033,액션|로맨스|스릴러,https://image.tmdb.org/t/p/w500/yUn0et9QaiHXME4awdwxeEsuslc.jpg,,movie/popular
840464,그린랜드 2: 마이그레이션,Greenland 2: Migration,2026-01-07,6.439,1214,55.8824,모험|스릴러|SF,https://image.tmdb.org/t/p/w500/63MYZJKDgg1jg1ISo9QUiE33lrT.jpg,"혜성 충돌로 문명이 붕괴된 지 5년 후, 방사능 폭풍을 피해 지하 벙커에서 살아남은 인류는 끝이 보이지 않는 지하 생활을 이어가고 있다. 점점 심해지는 지진과 고갈되어 가는 보급품으로 벙커는 붕괴 위기에 처하고, 존과 그의 가족들은 가까스로 탈출해 폐허가 된 유럽 대륙으로 향한다. 무너진 도시, 극한의 환경, 그리고 예측할 수 없는 생존자들의 위협 속에서 인류 최후의 희망의 땅이라 불리는 ‘크레이터’를 향한 위험한 여정이 시작되는데...!",movie/popular
235271,애딕티드,Addicted,2014-10-10,5.91,449,55.7305,드라마|스릴러,https://image.tmdb.org/t/p/w500/fAERrD6vvmznDoL99wlgjhSfPcH.jpg,성적 욕망에 사로잡혀 불륜을 일삼는 여자가 파멸직전 상황에 이르지만 가족의 사랑으로 제자리로 돌아가 치료를 시작하게 된다는 내용,movie/popular
424711,Le calde notti di Poppea,Le calde notti di Poppea,1969-01-01,4.7,5,61.9032,코미디,https://image.tmdb.org/t/p/w500/zNfqugt7ZPFpWeXAQsF5IqDCDft.jpg,,movie/popular
980477,너자 2,哪吒之魔童闹海,2025-01-29,8.152,716,53.6989,애니메이션|액션|판타지|모험,https://image.tmdb.org/t/p/w500/tc3wdEEov3SdMja9ZkBiAZ6fBGV.jpg,"신·인간·요괴가 뒤섞여 사는 세상, 조금 다르게 태어났다는 이유로 말썽쟁이로 불리는 팬더 눈 너자. 엄청난 파워의 너자는 스승과 함께 수련에만 열심히인데… 문제의 시작은 삼계의 균형을 흔드는 위험한 힘의 흔적. 가만히 두면 세상이 통째로 뒤집힐 판이라, 우리의 주인공 너자가 나선다. 소동의 근원을 찾아 나선 너자 일행, 그러나 길은 순탄치 않고 싸움은 점점 그 규모가 커져 가는데…",movie/popular
4258,무서운 영화 5,Scary Movie 5,2013-04-11,4.796,3056,51.7468,코미디,https://image.tmdb.org/t/p/w500/f8Ms3vhJ1ANVtUmQUW4uZlLqKWH.jpg,"죽은 형의 아이들을 맡게 된 댄과 아내 조디는 한 연구기관에서 제공한 새집으로 이사를 한다. 방마다 설치된 수많은 카메라가 24시간 그들의 생활을 관찰하는데, 수상한 새집에서 조디는 섬뜩한 기운을 느낀다. 어느 순간 집안에서 정체 모를 소리와 사람의 기척이 들리고 심지어 물건까지 움직이기 시작한 것. 게다가 아이들이 ‘마마’라 부르는 존재가 점차 모습을 드러내기 시작하는데…  악마의 책에 의해 저주를 받은 ‘마마’, 좁혀오는 그녀의 손아귀에서 벗어나라!",movie/popular
1159559,스크림 7,Scream 7,2026-02-25,6.173,1040,54.2948,공포|미스터리|범죄,https://image.tmdb.org/t/p/w500/gqgBqxyr8tGQGJCFrRWAzfA7Cml.jpg,"시드니 프레스콧이 새롭게 정착한 조용한 마을에 새로운 고스트페이스가 등장한다. 그녀의 딸, 테이텀이 다음 표적이 되면서 우려했던 공포가 현실이 되고, 가족을 지키기 위해 시드니는 과거의 공포와 맞서 피의 학살을 영원히 끝내기로 결심하는데…",movie/popular
1364953,마라마: 달의 복수,Mārama,2026-04-17,6.4,9,51.5867,공포|드라마|미스터리,https://image.tmdb.org/t/p/w500/tD9yi1i2t6cgXDrqaBRzjUy7bEX.jpg,뉴질랜드에서 북요크셔로 불려온 젊은 마오리 여성은 자신의 가문에 얽힌 끔찍한 식민지 역사를 마주하게 된다. 그녀는 가족을 파멸시킨 영국의 귀족 남성에게 복수하기 위해 그와 정면으로 맞서기 시작한다.,movie/popular
755898,우주전쟁,War of the Worlds,2025-07-29,4.083,1009,53.0542,SF|스릴러,https://image.tmdb.org/t/p/w500/yvirUYrva23IudARHn3mMGVxWqM.jpg,"전설적인 동명 소설을 새롭게 재해석한 이번 작품은 거대한 침공의 서막을 알린다. 에바 롱고리아와 전설적인 래퍼이자 배우 아이스 큐브, 그리고 마이클 오닐과 이만 벤슨이 합류해, 기술과 감시, 사생활이라는 현대적 주제를 아우르는 짜릿한 우주급 모험을 선보인다.",movie/popular
1325734,더 드라마,The Drama,2026-03-26,6.96,1039,50.3417,로맨스|코미디|드라마,https://image.tmdb.org/t/p/w500/qhGCY6DIemLoCi7x1GuEt98m4JF.jpg,결혼식을 코앞에 둔 한 쌍의 연인. 서로에 대해 결코 마주하고 싶지 않았던 진실을 알게 되면서 관계가 흔들리기 시작한다.,movie/popular
1292415,비스트,Beast,2026-04-10,6.385,52,54.2167,액션|드라마,https://image.tmdb.org/t/p/w500/7NrvUI3vnW8H3rD7ExKcTL7KRcQ.jpg,"MMA의 전설 패튼 제임스는 현재 상업 어부로 일하고 있지만, 동생이 위험에 처하자 다시 옥타곤으로 돌아온다. 옛 코치 새미와 재회한 그는 잔혹한 챔피언 자비에르 그라우를 상대로 단 한 번의 챔피언십 경기를 치르기로 결심한다.",movie/popular
1318413,Pressure,Pressure,2026-05-25,8.3,27,53.8353,스릴러|역사|전쟁,https://image.tmdb.org/t/p/w500/9RkDrI8V8QJBjhtyRX7y6Qow3aq.jpg,,movie/popular
862,토이 스토리,Toy Story,1995-11-22,7.977,19950,59.6027,가족|코미디|애니메이션|모험,https://image.tmdb.org/t/p/w500/iJbm78MxPjLutWUYixbeege8EVe.jpg,"카우보이 인형 우디는 꼬마 주인인 앤디의 가장 사랑받는 장난감이다. 그러나 어느날 버즈라는 새로운 장난감이 등장한다.  버즈는 최신형 장난감으로 레이저 빔 등의 첨단장비를 갖추고 있으나, 버즈는 자신이 장난감임을 인식하지 못하고 자신이 우주에서 온 전사이며 자신이 갖춘 장비로 하늘을 날 수 있다고 믿고 있다. 버즈의 허상을 상처받지 않고 인식시켜 주려는 우디와 친구들. 그러나 뜻밖의 사고가 일어난다. 옆집 개에게 버즈가 납치당하고 이런 버즈를 구하기 위해 우디와 친구들은 구조대를 조직해 버즈를 구하러 가는데...",movie/popular
299536,어벤져스: 인피니티 워,Avengers: Infinity War,2018-04-25,8.237,32113,53.601,모험|액션|SF,https://image.tmdb.org/t/p/w500/kmP6viwzcEkZeoi1LaVcQemcvZh.jpg,"타노스는 6개의 인피니티 스톤을 획득해 신으로 군림하려 한다. 그것은 곧 인류의 절반을 학살해 우주의 균형을 맞추겠다는 뜻. 타노스는 닥터 스트레인지가 소유한 타임 스톤, 비전의 이마에 박혀 있는 마인드 스톤을 차지하기 위해 지구를 침략한다. 아이언맨과 스파이더맨은 가디언즈 오브 갤럭시의 멤버들과 타노스를 상대한다. 지구에선 캡틴 아메리카, 완다, 블랙 위도우, 블랙 팬서 등이 비전을 지키기 위해 뭉친다.",movie/popular
1368166,하우스메이드,The Housemaid,2025-12-18,7.256,2439,53.04,미스터리|스릴러,https://image.tmdb.org/t/p/w500/fUDX16A4fJXmAuUA5t0pnqzXS0b.jpg,과거를 숨긴 채 완벽한 저택의 가정부로 들어간 밀리가 이상한 행동을 보이는 아내 니나와 그런 아내를 이해하는 모범적인 남편 앤드루와 얽히며 닫힌 문 뒤의 거짓과 마주하게 되는 월드 베스트셀러 원작의 고자극 미스터리 스릴러,movie/popular
1292695,데이 윌 킬 유,They Will Kill You,2026-03-25,7.065,756,52.3247,공포|코미디|액션,https://image.tmdb.org/t/p/w500/6oI4oQKTWMVUlr8Ivqydp28Ruu6.jpg,"한 여성이 뉴욕의 한 고층 아파트에서 가사도우미로 일을 시작하지만, 그 건물에 오래전부터 ‘실종’의 역사가 있었다는 사실을 알지 못한다. 곧 그녀는 이곳의 공동체 전체가 알 수 없는 비밀과 미스터리에 감싸여 있음을 깨닫는다.",movie/popular
432123,Savior,Savior,2015-12-01,0.0,0,51.918,드라마,https://image.tmdb.org/t/p/w500/wcZleoLz2us9dCxraSivVhyES0z.jpg,,movie/popular
1473332,Nadie va a escuchar tu grito,Nadie va a escuchar tu grito,2025-09-05,5.375,8,42.6966,공포|스릴러,https://image.tmdb.org/t/p/w500/5e877bTsl71ENZLtQ7L1lGVV9yN.jpg,,movie/popular
1002398,어린 아내,Donselya,2024-10-29,6.7,23,46.0727,드라마|로맨스,https://image.tmdb.org/t/p/w500/iVS3ZiPsKy8Hhc5Dipqgrjmoj2b.jpg,,movie/popular
603,매트릭스,The Matrix,1999-03-31,8.247,28017,51.7378,액션|SF,https://image.tmdb.org/t/p/w500/fxBxoXFAYKWde6lKzXxSusn18Av.jpg,"인간의 기억마저 AI에 의해 입력되고 삭제되는 세상, 진짜보다 더 진짜 같은 가상 현실 매트릭스. 그 속에서 진정한 현실을 인식할 수 없게 재배되는 인간들. 그 매트릭스를 빠져 나오면서 AI에게 가장 위험한 인물이 된 모피어스는 몇 안 되는 동료들과 함께 기계와의 전쟁 전후의의 폐허를 떠돌며 인류를 구할 마지막 영웅을 찾아 헤맨다. 마침내 모피어스는 낮에는 평범한 회사원 앤더슨으로, 밤에는 해커로 활동하는 청년 네오를 그로 지목한다. 모피어스의 지시대로 그를 만나게 된 네오는 두개의 알약 중 하나를 고르는 선택을 하게 되는데...",movie/popular
1157008,Dime lo que quieres (de verdad),Dime lo que quieres (de verdad),2023-07-27,7.773,33,45.108,로맨스|드라마|코미디,https://image.tmdb.org/t/p/w500/2ynUMfrwnEdGmkZmpiiJmTdTi4w.jpg,,movie/popular
1246049,드라큘라: 어 러브 테일,Dracula,2025-07-30,7.157,1268,47.4517,공포|판타지|로맨스,https://image.tmdb.org/t/p/w500/hCKkybW6EfSZoOW3xia9ZsQwaUd.jpg,"거장 뤽 베송이 선사하는 전설의 화려한 부활, 그 태초의 이야기. 15세기, 신을 위해 칼을 들고 전장을 누비던 왕자 '블라드'. 하지만 신은 그의 헌신에 대한 대가로 가장 사랑하는 여인을 죽음으로 몰아넣는다. 찢어질 듯한 슬픔과 배신감에 사로잡힌 그는 십자가를 부수고 신을 저주하며, 영원히 죽지 못하는 어둠의 길을 선택한다. 피를 마시며 영겁의 시간을 견뎌온 괴물, 드라큘라. 세기를 넘어 다시금 그에게 운명처럼 찾아온 사랑의 흔적은 그를 광기와 열망의 소용돌이로 몰아넣는다. ""내 사랑을 앗아간 신에게 복수하고, 영원 속에서 당신을 다시 찾으리라."" 칸 영화제 남우주연상 수상자 케일럽 랜드리 존스와 크리스토프 왈츠의 압도적인 연기, 그리고 뤽 베송 감독 특유의 미학적인 비주얼이 만나 탄생한 고딕 판타지. 공포를 넘어선 비극적이고도 아름다운 핏빛 서사시가 당신의 심장을 조여온다. 괴물이 될 수밖에 없었던 한 남자의 처절한 사랑, 그 거대한 비극의 막이 오른다.",movie/popular
48650,룸 인 로마,Habitación en Roma,2010-05-07,6.405,831,48.1518,드라마|로맨스,https://image.tmdb.org/t/p/w500/4kF4qRXFd7MqX2bAJX3e3zQSxhV.jpg,"로마의 6월 여름 첫날밤,  술집에서 러시아 여인 나타샤와 스페인 여인 알바가 우연히 만나 서로에게 호감을 갖는다. 그녀들은 이후, 로마의 한 호텔에서 하룻밤을 보내며, 자신이 레즈비언이라는 알바는 이성애자인 나타샤에게 서서히 접근을 하고,  차츰 각자 진실된 자신의 이야기를 시작하게 되는데..",movie/popular
4248,무서운 영화 2,Scary Movie 2,2001-07-04,5.835,5209,43.8681,코미디,https://image.tmdb.org/t/p/w500/iRS4R009OJM4KmhikmzGvkbeEaT.jpg,유령이 나올 것처럼 스산한 기운이 감도는 밤. 어느 대저택에서 한 무리의 사람들이 피아노 반주에 맞춰 엉덩이를 흔들며 신나게 노래를 부르고 있다. 이때 하얀 잠옷을 입은 소녀가 이들 앞에서 엄청난 양의 오줌을 질질 싸댄다.  이 소녀가 바로 악령이 깃들였다는 이 집 딸 나타샤.  괴상한 짓을 일삼지만 유능한(?) 사제인 맥필리 신부가 그녀에게 깃들인 악령을 쫓아내기 위해 찾아온다. 잠시 후 악령을 쫓아내려는 신부와 나타샤의 몸에서 쫓겨나지 않으려는 악령은 서로의 얼굴에 구토를 해대는 등 온갖 더럽고 추악한 짓으로 힘겨루기를 한다.  그로부터 1년 뒤 악령의 존재를 밝혀내 명예를 얻으려는 심리학 교수 올드먼이 실험대상인 제자들을 데리고 악령의 집을 찾는다.,movie/popular
14035,미트볼,Meatballs,1979-06-28,5.8,356,41.5154,코미디,https://image.tmdb.org/t/p/w500/9YA2erSNcca9NWd0xePC9ArFWnx.jpg,썸머 캠핑장에서 벌어지는 젊은 청춘들의 낭만과 사랑을 그린 코미디 히트작,movie/popular
1010581,나의 잘못,Culpa mía,2023-06-08,7.735,4090,45.9644,드라마|로맨스|스릴러,https://image.tmdb.org/t/p/w500/duT8Vks5FXwDkpxoR84xb2a6VB6.jpg,노아는 남자 친구와 친구들이 있는 동네를 뒤로하고 엄마의 새 부자 남편 저택으로 이사를 가게 된다. 의붓오빠 닉과는 첫 만남부터 삐걱댔지만 곧 서로에게 이끌려 금지된 관계를 맺는다. 반항심과 고뇌로 가득 찬 그들의 인생은 송두리째 흔들리고 둘은 결국 뜨거운 사랑에 빠진다.,movie/popular
1265609,워 머신: 전쟁 기계,War Machine,2026-02-12,7.388,1917,45.6649,액션|SF|스릴러,https://image.tmdb.org/t/p/w500/cfeIYPthWgq5XFZnx7cbpr7xFTp.jpg,미 육군 레인저 훈련에서 마지막 혹독한 임무를 받은 전투 공병. 자신이 속한 부대를 이끌고 거대한 외계 살상 병기에 맞서 싸워야 한다.,movie/popular
24428,어벤져스,The Avengers,2012-04-25,8.044,38382,46.7047,SF|액션|모험,https://image.tmdb.org/t/p/w500/krgjV3rJtBcEpQehODKXNCt6uFL.jpg,"에너지원 큐브를 이용한 적의 등장으로 인류가 위험에 처하자 국제평화유지기구인 쉴드의 국장 닉 퓨리는 어벤져스 작전을 위해 전 세계에 흩어져 있던 슈퍼히어로들을 찾아나선다. 아이언맨부터 토르, 헐크, 캡틴 아메리카는 물론, 쉴드의 요원인 블랙 위도우, 호크 아이까지, 최고의 슈퍼히어로들이 어벤져스의 멤버로 모이게 되지만, 각기 개성이 강한 이들의 만남은 예상치 못한 방향으로 흘러가는데...",movie/popular
1274706,신원 미상의 여자,La desconocida,2026-06-05,5.508,65,40.1574,스릴러|범죄,https://image.tmdb.org/t/p/w500/diKhdwtx2Ij3Qx2bnYIcSLT0EKT.jpg,"컨테이너 안에서 자신에 대한 기억을 잃은 여인이 발견되자, 두 형사는 그녀의 정체와 그녀를 죽이려 하는 자의 정체를 밝히려 한다.",movie/now_playing
1351908,भारत भाग्य विधाता,भारत भाग्य विधाता,2026-06-12,0.0,0,54.9778,드라마|스릴러,https://image.tmdb.org/t/p/w500/bNXFBZYX50ttN0SYdOc0hPyDlpP.jpg,,movie/now_playing
1475803,Governor,Governor,2026-06-12,6.0,1,44.2445,드라마|스릴러,https://image.tmdb.org/t/p/w500/g0GjFVz4u5wDU8d6r7HySuduCZE.jpg,,movie/now_playing
1116201,아이언 렁,Iron Lung,2026-01-30,7.008,266,35.6467,공포|미스터리|SF,https://image.tmdb.org/t/p/w500/sIwakdbMGS1krtgendTWpxTY9Hw.jpg,"수십 년 전, '조용한 휴거(The Quiet Rapture)'가 발생해 알려진 우주의 모든 별과 거주 가능한 행성이 사라졌다. 인류는 무너져가는 우주정거장의 녹슨 복도에 남겨졌다. 그리고 황량한 위성에서 발견된, 유일한 희망일지도 모르는 피의 바다(Ocean of Blood). 생존자들은 이 피 흘리는 심연을 탐사하기 위해 잠수함을 만들었고, 그 안을 조종할 단 하나의 영혼을 용접해 가두었다. 죄수(The Convict)는 '아이언 렁(Iron Lung)'이라 불리는 작은 잠수함을 타고 피의 바다를 수색하는 임무에 투입된다. 하지만 이 공허 속에서 희망은 별빛만큼이나 허상일 뿐이다. 이것은 탐사가 아니다. 처형이다.",movie/now_playing
1266127,레디 오어 낫: 죽음의 숨바꼭질,Ready or Not: Here I Come,2026-03-19,7.7,1050,37.3508,스릴러|공포|코미디,https://image.tmdb.org/t/p/w500/9XMwsbof7HoOiNxEahreQay3pXs.jpg,르 도마스 가문의 공격에서 간신히 살아남은 지 몇 분도 되지 않아 그레이스는 자신이 이 악몽 같은 게임의 ‘다음 레벨’에 도달했다는 사실을 깨닫는다. 이번에는 오랫동안 왕래 없던 여동생 페이스까지 함께다.,movie/now_playing
1110034,크라켄,Kraken,2026-02-06,6.215,151,37.744,공포|액션|스릴러,https://image.tmdb.org/t/p/w500/8ExwomWgJoXBdY3u1Otiw2zY9wZ.jpg,"""깊은 피오르드 아래, 전설의 공포가 깨어난다"" 외딴 피오르드 마을의 양식장에서 일하던 해양생물학자 요한네는 설명할 수 없는 죽음과 실종이 잇따르자, 모든 단서가 바다 깊은 곳을 향하고 있음을 직감한다. 잔잔하던 물결 아래 감춰진 거대한 존재, 오래된 전설로만 여겨졌던 크라켄의 그림자가 서서히 마을을 집어삼키기 시작한다. 두려움과 불신 속에서도 진실을 쫓는 요한네는 누구도 마주하려 하지 않는 심해의 비밀에 다가서게 되는데...",movie/now_playing
803796,케이팝 데몬 헌터스,KPop Demon Hunters,2025-06-20,8.025,2889,37.1275,판타지|음악|코미디|애니메이션,https://image.tmdb.org/t/p/w500/5fqcLmrgVDicMuGLOa9PKErFP72.jpg,"케이팝 슈퍼스타 루미, 미라, 조이. 매진을 기록하는 대형 스타디움 공연이 없을 때면 이들은 또 다른 활동에 나선다. 바로 비밀 능력을 이용해 팬들을 초자연적 위협으로부터 보호하는 것.",movie/now_playing
1439584,Ugly Story,Ugly Story,2026-05-22,4.0,2,32.1335,로맨스|드라마|스릴러,https://image.tmdb.org/t/p/w500/hxJOr9MRXTg3HYMpdj6VbD1FSXZ.jpg,,movie/now_playing
1515729,Blast,Blast,2026-05-28,7.6,5,34.4888,액션|드라마|가족,https://image.tmdb.org/t/p/w500/ho824aZtnBzE6FuJRn2znQCq4qQ.jpg,,movie/now_playing
1375646,군체,군체,2026-05-21,6.871,58,34.1703,액션|스릴러|공포,https://image.tmdb.org/t/p/w500/thK6glS5pklrlijsgSN6Hw9GLQK.jpg,"서울 도심의 초고층 빌딩에서 정체불명의 집단 감염사태가 발생한다. 건물은 순식간에 봉쇄되고, 그 안에 있던 사람들은 그대로 고립된다. 처음에는 짐승처럼 기어다니던 감염자들은 점점 진화하며 두 발로 걷기 시작하고, 사람을 식별하며 무리를 지어 생존자들을 공격한다. 생명공학자 권세정과 생존자들은 자신의 몸에 백신을 주입했다고 신고한 서영철을 찾아 구조대가 기다리는 옥상으로 향한다. 하지만 올라갈수록 상황은 점점 더 예측할 수 없게 변해가고, 서영철은 감염자들을 앞세워 생존자들 앞을 막아서는데...",movie/now_playing
1530510,멕시코 1986,México 86,2026-05-21,7.563,72,29.0183,코미디|역사|드라마,https://image.tmdb.org/t/p/w500/xOL58rwFCq7Zw0yg8OeLTU59NSt.jpg,풍자와 블랙 유머가 짙게 밴 《멕시코 1986》. 오직 멕시코 특유의 재치로 가능했던 무모하면서도 대담한 승부수를 통해 멕시코가 1986년 월드컵을 개최하게 된 과정을 그려낸다.,movie/now_playing
1699574,देऊळ बँड 2,देऊळ बँड 2,2026-05-21,0.0,0,29.8338,코미디|드라마,https://image.tmdb.org/t/p/w500/89n9cfc5dm0kdkABmDJalzveEwU.jpg,,movie/now_playing
1501018,Une famille de bâtards,Une famille de bâtards,2026-06-12,5.533,30,33.6415,코미디|범죄,https://image.tmdb.org/t/p/w500/zuiZDJcjlNWB6EcXHer06u9BQke.jpg,,movie/now_playing
1083884,리틀마우스,Signal One,2026-06-05,6.5,19,30.4249,미스터리|SF,https://image.tmdb.org/t/p/w500/bi7Aeaozl51cd5K6vAn8tI1lOW0.jpg,,movie/now_playing
1081003,슈퍼걸,Supergirl,2026-06-23,0.0,0,32.4694,액션|모험|SF,https://image.tmdb.org/t/p/w500/2LSzCgS4StdD2hizIzwgLLCNVnN.jpg,무자비한 적의 등장으로 인해 뜻밖의 동반자와 힘을 합치는 '슈퍼걸'의 이야기를 그린 액션 블록버스터,movie/now_playing
1127384,딥 워터,Deep Water,2026-04-30,6.6,14,31.929,스릴러|공포,https://image.tmdb.org/t/p/w500/ZWHxL2ETItcZzeVsVfs6gv3SZ7.jpg,,movie/now_playing
1146058,The Pout-Pout Fish,The Pout-Pout Fish,2026-01-01,5.8,10,29.6394,애니메이션|가족|모험|코미디,https://image.tmdb.org/t/p/w500/fcDXgGL14qL46It1XOozEjX5Jws.jpg,,movie/now_playing
1320660,पति पत्नी और वो दो,पति पत्नी और वो दो,2026-05-15,7.5,4,31.3367,코미디,https://image.tmdb.org/t/p/w500/5MweEeMzPbueb65BcJpdiy0ihwU.jpg,,movie/now_playing
1295400,더 라스트 바이킹,Den sidste viking,2025-10-09,7.263,137,26.411,코미디|범죄|드라마,https://image.tmdb.org/t/p/w500/5aK6PmgYVoGa5oJezT4oY3UtRXj.jpg,"강도죄로 14년을 복역하고 출소한 안케르는 정신 질환을 앓고 있는 동생 만프레드와 재회한다. 만프레드는 훔친 돈이 숨겨진 곳을 알고 있지만, 그 위치를 잊어버린 상태. 형제는 돈을 되찾기 위한 여정을 시작한다.",movie/now_playing
1301421,The Sheep Detectives,The Sheep Detectives,2026-04-30,7.7,167,30.5552,코미디|가족|미스터리,https://image.tmdb.org/t/p/w500/6QtL9rl3Zb4d8qW6EJ4qO5hSSfU.jpg,,movie/now_playing
808,슈렉,Shrek,2001-05-18,7.765,18816,29.0322,애니메이션|코미디|판타지|모험|가족,https://image.tmdb.org/t/p/w500/hABnmgdAU3u6Nu61b9GUGaOseVl.jpg,"성 밖 늪지대에 사는 엄청나게 못생기고 무지무지 큰 괴물 슈렉. 지저분한 진흙으로 샤워를 즐기고 동화책은 화장실 휴지 삼아 쓰는 그는 혼자만의 시간을 즐긴다.  그러던 어느 날, 자신만의 고요한 안식처에 백설공주, 신데렐라, 빗자루를 타고 다니는 마녀, 피리부는 아저씨, 피터팬, 피노키오 등등.. 동화속의 주인공들이 모두 쳐들어온다. 그 중에서도 가장 귀찮은 건 쉴새없이 떠들어대는 당나귀 덩키. 알고보니 얼굴이 몸의 반을 차지하는 1m도 안되는 숏다리 파콰드영주가 동화속의 주인공들을 다 쫓아낸것. 결국 슈렉은 파콰드영주와 담판을 지으러 떠난다.  하지만 일은 이상하게 꼬여 결국 파콰드영주 대신 불뿜는 용의 성에 갇힌 피오나 공주를 구하러 떠나게 되는데..",movie/now_playing
1233413,씨너스: 죄인들,Sinners,2025-04-16,7.499,4638,30.1524,공포|액션|스릴러,https://image.tmdb.org/t/p/w500/qEipksU5SzHxbeZbE0cZQzEt6bD.jpg,"1932년, 시카고 갱단의 생활을 정리하고 고향 미시시피로 돌아온 쌍둥이 형제 스모크와 스택은 큰돈을 벌기 위해 술집 주크 조인트를 운영하기로 한다. 화려한 오프닝 파티가 열리는 밤, 천부적인 재능을 지닌 새미의 노래로 파티의 열기는 점점 뜨거워지고 초대하지 않은 불청객 일행이 찾아오는데…",movie/now_playing
238,대부,The Godfather,1972-03-14,8.687,23042,39.3909,드라마|범죄,https://image.tmdb.org/t/p/w500/1yvBkSv4ZLS1GohlmMDmdpSgfYo.jpg,"시실리에서 이민온 뒤, 정치권까지 영향력을 미치는 거물로 자리잡은 돈 꼴레오네는 갖가지 고민을 호소하는 사람들의 문제를 해결해주며 대부라 불리운다. 한편 솔로소라는 인물은 꼴레오네가와 라이벌인 탓타리아 패밀리와 손잡고 새로운 마약 사업을 제안한다. 돈 꼴레오네가 마약 사업에 참여하지 않기로 하자, 돈 꼴레오네를 저격해 그는 중상을 입고 사경을 헤매게 된다. 그 뒤, 돈 꼴레오네의 아들 소니는 조직력을 총 동원해 다른 패밀리들과 피를 부르는 전쟁을 시작하는데... 가족의 사업과 상관없이 대학에 진학한 뒤 인텔리로 지내왔던 막내 아들 마이클은 아버지가 총격을 당한 뒤, 아버지를 구하기 위해 위험천만한 협상 자리에 나선다.",movie/top_rated
240,대부 2,The Godfather Part II,1974-12-20,8.572,13972,24.4561,드라마|범죄,https://image.tmdb.org/t/p/w500/35RGDgySfINL9V2e6lkDECQ0hRa.jpg,"아버지의 장례식 도중에 맏아들 파올로가 총에 맞아 죽고, 비토(로버트 드니로)는 겨우 도망쳐 미국으로 건너온다. 대부로 성장한 후 비토는 다시 치치오를 찾아 복수를 한다. 새롭게 등장한 젊은 대부 마이클(알 파치노)은 본거지를 라스베가스로 옮기고 가족의 사업을 가능한 합법적인 것으로 바꾸려고 애쓴다. 그런 과중 중에 자신을 제거하려는 음모를 알게되고 그는 냉혹하고 신속하게 반대파들을 제거, 조직을 더욱 확대해 나간다. 이를 위해 마이클은 배신한 형마저 죽이고, 일 때문에 아내와 헤어지는 등 인간적으로는 계속 외로워져 가는데...",movie/top_rated
1330021,아쿠아리움이 문을 닫으면,Remarkably Bright Creatures,2026-05-07,8.569,620,31.7954,드라마|미스터리,https://image.tmdb.org/t/p/w500/mUt0SnTp0oAN38BHD7NGX8hmwAT.jpg,작은 마을의 아쿠아리움에서 야간 근무를 하는 여자. 남편과 사별한 그녀는 영리한 문어와 삶의 방향을 잃은 젊은 남자와 친구가 된다. 베스트셀러를 원작으로 한 감동적인 드라마 영화.,movie/top_rated
424,쉰들러 리스트,Schindler's List,1993-12-15,8.569,17518,21.9697,드라마|역사|전쟁,https://image.tmdb.org/t/p/w500/oyyUcGwLX7LTFS1pQbLrQpyzIyt.jpg,"2차 세계대전 당시 독일군이 점령한 폴란드. 시류에 맞춰 자신의 성공을 추구하는 기회주의자 쉰들러는 유태인이 경영하는 그릇 공장을 인수한다. 그는 공장을 인수하기 위해 나찌 당원이 되고 독일군에게 뇌물을 바치는 등 갖은 방법을 동원한다. 그러나 냉혹한 기회주의자였던 쉰들러는 유태인 회계사인 스턴과 친분을 맺으면서 냉혹한 유태인 학살에 대한 양심의 소리를 듣기 시작한다. 마침내 그는 강제 수용소로 끌려가 죽음을 맞게될 유태인들을 구해내기로 결심하고, 독일군 장교에게 빼내는 사람 숫자대로 뇌물을 주는 방법으로 유태인들을 구해내려는 계획을 세우는데...",movie/top_rated
389,12명의 성난 사람들,12 Angry Men,1957-04-10,8.562,10041,21.2136,드라마,https://image.tmdb.org/t/p/w500/yg2XzSxH10DVGNY73e7yZgLnDF5.jpg,"뉴욕시의 법정에 아버지를 칼로 찌른 한 소년의 살인혐의를 두고, 12인의 배심원들은 만장일치 합의를 통해 소년의 유무죄 여부를 가려줄 것을 요구받는다. 판사는 유죄일 경우 이 소년은 사형이 불가피하다는 것을 이들에게 미리 일러둔다.  배심원 방에 모인 이들은 투표를 통해 유무죄 여부를 가리기로 한다. 사람들이 전부 소년이 유죄로 판단하는 가운데, 오직 한 배심원만이 소년이 무죄라고 주장하는데...",movie/top_rated
129,센과 치히로의 행방불명,千と千尋の神隠し,2001-07-20,8.535,18411,29.3842,애니메이션|가족|판타지,https://image.tmdb.org/t/p/w500/u1L4qxIu5sC2P082uMHYt7Ifvnj.jpg,평범한 열 살 짜리 소녀 치히로 식구는 이사 가던 중 길을 잘못 들어 낡은 터널을 지나가게 된다. 터널 저편엔 폐허가 된 놀이공원이 있었고 그곳엔 이상한 기운이 흘렀다. 인기척 하나 없는 이 마을의 낯선 분위기에 불길한 기운을 느낀 치히로는 부모님에게 돌아가자고 조르지만 부모님은 호기심에 들떠 마을 곳곳을 돌아다니기 시작한다. 어느 음식점에 도착한 치히로의 부모님은 그 곳에 차려진 음식들을 보고 즐거워하며 허겁지겁 먹어대다가 돼지로 변해버린다. 겁에 질려 당황하는 치히로에게 낯선 소년 하쿠가 나타나 빨리 이곳을 나가라고 소리치는데...,movie/top_rated
155,다크 나이트,The Dark Knight,2008-07-16,8.531,35913,43.069,액션|범죄|스릴러,https://image.tmdb.org/t/p/w500/9ICUbdveP56jRoMMVkXSOr3ceyV.jpg,"범죄와 부정부패를 제거하여 고담시를 지키려는 배트맨. 그는 짐 고든 형사와 패기 넘치는 고담시 지방 검사 하비 덴트와 함께 도시를 범죄 조직으로부터 영원히 구원하고자 한다. 세 명의 의기투합으로 위기에 처한 악당들이 모인 자리에 보라색 양복을 입고 얼굴에 짙게 화장을 한 괴이한 존재가 나타나 배트맨을 죽이자는 사상 초유의 제안을 한다. 그는 바로 어떠한 룰도, 목적도 없는 사상 최악의 악당 미치광이 살인광대 조커. 배트맨을 죽이고 고담시를 끝장내버리기 위한 조커의 광기 어린 행각에 도시는 혼란에 빠지는데...",movie/top_rated
19404,용감한 자가 신부를 데려가리,दिलवाले दुल्हनिया ले जायेंगे,1995-10-20,8.512,4594,14.7429,코미디|드라마|로맨스,https://image.tmdb.org/t/p/w500/2CAL2433ZeIihfX1Hb2139CX0pW.jpg,영국에서 유학중인 라즈(샤룩 칸)와 인도 처녀 심란(까졸).  심란은 부모님이 정해주신 약혼자가 있는데 약혼을 앞두고 친구들과 유럽 여행을 떠나게 된다.  여행 중 우연히 만남 샤룩과 까졸. 두 남녀의 연속된 우연과 좌충우돌 사랑 만들기.  그렇게 사랑하게 된 그들이지만 까졸은 약혼자가 있는 몸. 인도로 돌아가게 된다.  샤룩 또한 그녀를 못 잊어 인도로 뒤 따라 들어가지만 엄격한 까졸의 부모를 설득하기가 힘이 든다. 도망가자는 까졸의 제안을 거부하고 샤룩은 끝내 그녀의 부모님의 허락을 얻어 내기 위해 고군분투한다.,movie/top_rated
497,그린 마일,The Green Mile,1999-12-10,8.507,19333,25.7743,판타지|드라마|범죄,https://image.tmdb.org/t/p/w500/pk1TPODQVnI8GdLf0DhlJQYxWjd.jpg,"미국 루이지애나의 콜드 마운틴 교도소. 폴은 사형수 감방의 간수장으로 일하고 있다. 그의 일은 사형수들을 감독하고, 그린 마일이라 불리는 초록색 복도를 거쳐 그들을 사형 집행장까지 안내하는 것. 폴은 그들이 죽음을 맞이하는 순간까지 평화롭게 지낼 수 있도록 최선을 다한다. 어느 날 존 커피라는 사형수가 이송되어 온다. 그는 쌍둥이 여자아이를 살해한 흉악범. 하지만 순진한 눈망울에 겁을 잔뜩 집어먹은 그의 모습에 폴은 당혹감을 느낀다. 게다가 그는 초자연적 능력으로 폴의 지병을 깨끗하게 치료해주기까지 한다. 존을 전기 의자로 데려가야 할 날이 다가오면서 폴은 그가 무죄라는 확신을 갖게 되는데...",movie/top_rated
122,반지의 제왕: 왕의 귀환,The Lord of the Rings: The Return of the King,2003-12-17,8.5,26651,41.005,모험|판타지|액션,https://image.tmdb.org/t/p/w500/n8BPIRqvj1SdTRND828ANXhmSng.jpg,"사우론이 인간들의 마지막 요새인 곤도르를 향해 야욕을 드러내고 있는 한편, 아라곤은 쇠락해가고 있는 곤도르의 재건을 위해 왕위 계승을 신중하게 결정지어야만 하는 상황. 이제 중간대륙의 미래는 그의 어깨에 달려있는 것. 사우론이 이끄는 어둠의 군대와의 마지막 전투를 위해 간달프는 곤도르에 흩어져 있던 병사들을 모으고, 로한의 왕 세오덴에게 도움을 받기도 하지만 사우론의 군대에 비하면 열세를 면치 못한다. 그러나 그들은 중간대륙을 사우론의 야욕으로부터 지키려는 사명감과, 마지막 반지 운반자에게 임무를 끝낼 기회를 주기 위해 어둠의 군대를 향해 돌진하게 되는데...",movie/top_rated
496243,기생충,기생충,2019-05-30,8.494,20739,32.8232,코미디|스릴러|드라마,https://image.tmdb.org/t/p/w500/jjHccoFjbqlfr4VGLVLT7yek0Xn.jpg,"전원 백수로 살 길 막막하지만 사이는 좋은 기택 가족. 장남 기우에게 명문대생 친구가 연결시켜 준 고액 과외 자리는 모처럼 싹튼 고정수입의 희망이다. 온 가족의 도움과 기대 속에 박 사장 집으로 향하는 기우. 글로벌 IT기업의 CEO인 박 사장의 저택에 도착하자 젊고 아름다운 사모님 연교와 가정부 문광이 기우를 맞이한다. 큰 문제 없이 박 사장의 딸 다혜의 과외를 시작한 기우. 그러나 이렇게 시작된 두 가족의 만남 뒤로, 걷잡을 수 없는 사건이 기다리고  있는데.....",movie/top_rated
1181678,¿Quieres ser mi hijo?,¿Quieres ser mi hijo?,2023-09-21,8.5,354,9.302,코미디|로맨스,https://image.tmdb.org/t/p/w500/6PQJsmuvSMZQMmlJfTpjIkrizUh.jpg,,movie/top_rated
680,펄프 픽션,Pulp Fiction,1994-09-10,8.5,30285,33.2884,스릴러|범죄|코미디,https://image.tmdb.org/t/p/w500/lnRkeQstaCvfMahZq7p9eAWzK1a.jpg,"펌프킨와 허니 버니가 레스토랑에서 강도 행각을 벌이기 시작한다. 빈센트와 그 동료 쥴스는 두목의 금가방을 찾기 위해 다른 건달이 사는 아파트를 찾아간다. 마르셀러스는 부치에게 돈을 주며 상대 선수에게 져 주라고 하지만 부치는 상대 선수를 때려 눕히고 도망치다, 어릴 때 아버지에게 물려받은 시계를 찾기 위해 아파트로 향한다. 아무런 상관 없이 보이는 이 사건들이 서로 얽히고 섥히면서 예상치 못한 인과관계가 만들어지는데...",movie/top_rated
372058,너의 이름은.,君の名は。,2016-08-26,8.481,12620,23.1301,애니메이션|로맨스|드라마,https://image.tmdb.org/t/p/w500/2DJCufz3Oa703PbLjNX1pM6MCG2.jpg,"시골에 사는 소녀 미츠하(가미시라이시 모네)는 어느 날 잠에서 깬 후 자신의 몸이 남자로 바뀐 걸 알게 된다.  같은 시간, 도쿄에 사는 소년 타키(가미키 류노스케) 역시 이 기이한 상황을 겪고 있다.  낯선 가족, 낯선 친구들, 낯선 풍경들...  서로에게 이어진 끈을 알게 된 둘은 둘만의 규칙을 정하고 점차 상황을 받아들이기 시작한다.  서로에게 남긴 메모를 확인하며  점점 친구가 되어가는 타키와 미츠하.  언제부턴가 더 이상 몸이 바뀌지 않자  자신들이 특별하게 이어져있었음을 깨달은  타키는 미츠하를 만나러 가는데...",movie/top_rated
429,석양의 무법자,"Il buono, il brutto, il cattivo",1966-12-23,8.467,9689,18.9173,서부,https://image.tmdb.org/t/p/w500/s7qPuoj4liolAtmx9vcL6AyaZzR.jpg,"미국의 남북전쟁이 한창인 때, 블론디는 멕시코인 총잡이 투코와 함께 동업 중이다. 블론디는 현상범 투코를 잡아 현상금을 받고, 투코가 교수형을 당하는 순간 구해주는 역할. 한편 세텐자라 불리우는 범죄자는 엄청나 돈이 묻힌 비밀장소를 추적 중이다. 그런데, 투코와 실랑이를 벌이던 블론디는 돈이 묻힌 장소를 죽어가는 사람에게 듣게 되고, 결국 둘은 돈을 찾아 나서는데...",movie/top_rated
13,포레스트 검프,Forrest Gump,1994-06-23,8.465,29837,22.4033,코미디|드라마|로맨스,https://image.tmdb.org/t/p/w500/l8wvbQQIBV8LBHmx3Wx9xbE2kzt.jpg,"불편한 다리, 남들보다 조금 떨어지는 지능을 가진 포레스트 검프는 헌신적인 어머니의 보살핌과 첫사랑 제니와의 만남으로 편견과 괴롭힘 속에서도 따뜻한 마음을 지니고 성장한다. 또래들의 괴롭힘을 피해 도망치던 포레스트는 누구보다 빠르게 달릴 수 있는 자신의 재능을 깨닫는다. 그의 재능을 알아 본 대학에서 그를 미식축구 선수로 발탁하고, 졸업 후에도 뛰어난 신체능력으로 군에 들어가 무공훈장을 수여받는 등 탄탄한 인생 가도에 오르게 된 포레스트. 하지만 어머니가 병에 걸려 죽음을 맞이하고, 첫사랑 제니 역시 그의 곁을 떠나가며 다시 한 번 인생의 전환점을 맞이하게 되는데...",movie/top_rated
769,좋은 친구들,GoodFellas,1990-09-12,8.454,14418,26.9731,드라마|범죄,https://image.tmdb.org/t/p/w500/zF9hSBS1t7PVFLo01GrJ3OjGi67.jpg,"아일랜드계 이탈리아인 헨리 힐와 토미는 13살에 마피아에 입문해 지미와 함께 트럭이나 공항 화물을 훔치는 일을 한다. 결혼 후에도 마피아 생활을 계속하는 헨리는 이제 조직에서도 안정된 위치와 경제적 여유를 갖는다.  어느 날 헨리와 지미는 공항터미널 사건을 모의해 현금 6백만 달러라는 엄청한 돈을 훔친다. 이 사건을 은폐하기 위해 혈안이 된 지미는 모의에 참여했던 사람들을 죽이고, 토미는 마피아 조직에 가담했다가 살해당한다. 엎친데 덮친격으로 헨리마저 마약거래로 경찰서에 잡혀 들어가는데...",movie/top_rated
346,7인의 사무라이,七人の侍,1954-04-26,8.45,4253,11.4472,액션|드라마,https://image.tmdb.org/t/p/w500/6Y8Q5t79ybiDA7XubUTneqZhjA3.jpg,"일본의 전국시대. 주민들은 황폐한 땅에서 어렵게 수확한 식량으로 한해 한해를 넘기는 빈촌에 살고 있다. 이 빈촌엔 보리 수확이 끝날 무렵이면 어김없이 산적들이 찾아와 모든 식량을 모조리 약탈해 간다. 싸워도 애원해도 소용이 없었다. 가만히 있을 수만은 없던 촌장의 결단으로 사무라이들을 모집하는데, 이들은 풍부한 전쟁 경험을 가진 시마다 칸베에를 포함한 7명이었다. 시마다의 지휘하에 마을은 방위태세를 갖추고 전투훈련도 시작한다. 이윽고 산적들의 공격이 시작되어 치열한 사투가 벌어진다.",movie/top_rated
12477,반딧불의 묘,火垂るの墓,1988-04-16,8.442,6550,0.0117,애니메이션|드라마|전쟁,https://image.tmdb.org/t/p/w500/uN0x0G4uuRjFJIFN57iYihBV2Qh.jpg,"2차 세계대전, 일본의 한 마을에 폭격기로 인한 대공습이 일어난다. 마을이 화염으로 휩싸이자, 14살인 세이타는 부모님과 따로 만나기로 약속한 채 4살짜리 여동생 세츠코를 업고 피신한다. 결국 집과 어머니를 잃고 먼 친척아주머니의 집으로 향하는 세이타와 세츠코. 힘들고 어려운 환경에서도 오빠 세이타는 천진하고 착한 여동생 세츠코를 보면서 희망과 용기를 잃지 않는다. 하지만 시간이 지날수록 친척아주머니의 남매에 대한 냉대는 더욱 심해지고, 세이타는 어머니가 남겨주었던 마지막 여비를 챙겨 세츠코와 함께 산 속에 있는 방공호로 거처를 옮긴다. 두 남매는 산 속 동굴에서 반딧불이를 잡아 불을 밝히고, 물고기와 개구리를 잡아먹으며 살아가는데...",movie/top_rated
637,인생은 아름다워,La vita è bella,1997-12-20,8.439,14024,14.3902,코미디|드라마,https://image.tmdb.org/t/p/w500/iyQ8pmCpmnPrGtaHMfmSvQLv8Fy.jpg,"로마에 갓 상경한 시골 총각 귀도는 운명처럼 만난 여인 도라에게 첫눈에 반한다. 넘치는 재치와 유머로 약혼자가 있던 그녀를 사로잡은 귀도는 가정을 꾸리며 분신과도 같은 아들 조수아를 얻는다. 조수아의 다섯 살 생일, 갑작스레 들이닥친 군인들은 귀도와 조수아를 수용소 행 기차에 실어버리고, 소식을 들은 도라 역시 기차에 따라 오른다. 귀도는 아들을 달래기 위해 무자비한 수용소 생활을 단체게임이라 속이고 1,000점을 따는 우승자에게는 진짜 탱크가 주어진다고 말한다. 하루하루가 지나 어느덧 전쟁이 끝났다는 말을 들은 귀도는 조수아를 창고에 숨겨둔 채 아내를 찾아 나서는데...",movie/top_rated
14537,하라키리,切腹,1962-09-15,8.439,1219,7.9652,액션|드라마|역사,https://image.tmdb.org/t/p/w500/6Cw2LJzt6jRALHystjzWazeB4Pg.jpg,사소한 잘못으로 상부로부터 할복 명령을 하달받은 사무라이가 그것에 저항하는 이야기. 인습과 전통에 대해 순응하는 일본 사회에 저항하는 메세지를 담은 작품.,movie/top_rated
550,파이트 클럽,Fight Club,1999-10-15,8.438,32159,29.7356,드라마|스릴러,https://image.tmdb.org/t/p/w500/eKZ07Ted7VHxQjbuZrRBFOamcKJ.jpg,"자동차 회사의 리콜 심사관으로 일하는 주인공은 일상의 무료함과 공허함 속에서 늘 새로운 탈출을 꿈꾼다. 그는 비행기에서 자신을 비누 제조업자라고 소개하는 타일러 더든을 만난다. 집에 돌아온 주인공은 아파트가 누군가에 의해 폭파되었음을 발견하고, 타일러에게 도움을 청해 함께 생활하게 된다. 어느 날 밤 타일러는 주인공에게 자신을 때려달라고 부탁한다. 사람은 싸워봐야 진정한 자신을 알 수 있다는 것이다. 결국 이들은 매주 토요일 밤 술집 지하에서 맨주먹으로 격투를 벌이는 파이트 클럽을 결성하기에 이르는데...",movie/top_rated
120,반지의 제왕: 반지 원정대,The Lord of the Rings: The Fellowship of the Ring,2001-12-18,8.435,27666,37.23,모험|판타지|액션,https://image.tmdb.org/t/p/w500/r18JdjImbWDRwkbVDIzWoLQqkCo.jpg,"호빗이라 불리우는 난장이 종족 중의 한 명인 프로도는 자신의 삼촌에게서 우연히 절대 반지를 물려받게 되고, 마법사 간달프를 통해서 절대반지가 사우론의 손에 들어가면 악의 세력이 세상을 지배하게 된다는 것을 알게 된다. 하지만 절대반지를 영원히 파괴할 수 있는 유일한 방법은 반지가 만들어진 불의 산의 용암에 그것을 던져 넣는 길 뿐이다. 마침내 프로도와 그의 친구들, 엘프족인 레골라스, 난장이족 김리, 두명의 인간 전사 아라곤과 보로미르, 그리고 마법사 간달프로 구성된 반지 원정대가 길고도 험난한 여정을 떠나게 되는데...",movie/top_rated
598,시티 오브 갓,Cidade de Deus,2002-08-30,8.429,8213,11.8388,드라마|범죄,https://image.tmdb.org/t/p/w500/iKXrQB16sxeXoc6GlnYjeeZKsOW.jpg,"빈민가가 막 형성되기 시작한 1960년대, 마을을 지나가는 배달 트럭을 털면서 가족을 부양하는 텐더 삼총사가 주름잡던 그 시기에는 엄연한 룰이 존재했다. 돈은 훔치되 살인은 삼가는 것이다. 이들은 엉뚱한 용의자를 사살하고도 지갑을 챙기는 악질 경찰에 비하면 약자에 불과했다. 텐더 트리오 시대에 종지부를 찍은 제빼게노는 큰 돈을 만지기 위해서는 마약을 다뤄야 함을 알게 된다. 단짝친구 베네는 악랄하기만 할 뿐 주변을 다독일 줄 모르던 제빼게노를 보좌하며 또 다른 룰을 만들어내지만, 위태로운 평화의 유효기간은 그리 길지 않다.",movie/top_rated
11216,시네마 천국,Nuovo Cinema Paradiso,1988-11-17,8.427,4846,11.5181,드라마|로맨스,https://image.tmdb.org/t/p/w500/r782z4H7GzkyNaf3hAtBB4pVkOj.jpg,"어린 시절 영화가 세상의 전부였던 소년 토토는 학교 수업을 마치면 마을 광장에 있는 낡은 시네마 천국이라는 극장으로 달려가 영사 기사 알프레도와 친구로 지내며 어깨너머로 영사기술을 배운다. 어느 날 관객들을 위해 광장에서 야외 상영을 해주던 알프레도가 그만 화재 사고로 실명하게 되고, 토토가 그의 뒤를 이어 시네마 천국의 영상기사로 일하게 된다. 실명한 후에도 토토의 친구이자 아버지로 든든한 정신적 지주가 되어준 알프레도는 청년이 된 토토가 사랑하는 여자 엘레나의 부모님의 반대로 좌절하자 넓은 세상으로 나가서 더 많은 것을 배우라며 권유하는데...",movie/top_rated
121,반지의 제왕: 두 개의 탑,The Lord of the Rings: The Two Towers,2002-12-18,8.42,23978,26.366,모험|판타지|액션,https://image.tmdb.org/t/p/w500/zxZdTi3fA7aDxEOivmzZAY2bmTu.jpg,"9명의 반지원정대는 사우론의 세력에 맞서 반지를 지켜냈지만 반지 원정대는 뿔뿔이 흩어지게 된다. 메리와 피핀을 구하기 위해 우르크하이 군대를 추격하던 아라곤과 레골라스, 김리는 유령 숲에서 백색의 마법사로 부활한 마법사 간달프를 만나게 되고 사우론이 암흑세계의 두 개의 탑을 통합하여 점점 그 세력을 넓혀가고 있다는 사실을 듣게 된다. 이에 아라곤과 원정대는 중간계의 선한 무리의 통합을 이뤄 사우론의 세력을 견제해야 하는 큰 임무를 맡게 된다. 하지만 원수지간인 곤도르와 로한으로 나뉜 인간 종족의 통합은 쉽지 않고 게다가 로한의 왕마저 사루만에게 동화되는데...",movie/top_rated
539,싸이코,Psycho,1960-06-22,8.413,11020,16.7135,공포|스릴러|미스터리,https://image.tmdb.org/t/p/w500/vC3P8hH4r3I3fHiRFa1kj6yzeaN.jpg,"마리온 크레인은 그녀의 애인 샘과 결혼하길 원하지만 샘은 빚을 갚을 때까지 기다리라고 말한다. 그래서 그녀는 자신이 다니고 있는 회사 사장이 은행에 입금하라고 맡긴 돈을 들고 도망친다. 도주 첫날 밤 묵게 된 도로변의 낡은 모텔 주인인 노만 베이츠는 그녀에게 친절하게 대해주며 자신은 모텔 바로 뒤쪽 저택에서 몸이 불편한 어머니와 함께 살고 있다고 말한다. 잠자리에 들기 전 마리온이 샤워를 하는 도중, 난데없이 검은 형상이 욕실에 나타나고 마리온은 실종된다. 마리온을 찾기 위해 그녀의 언니 릴라와 샘, 그리고 보험회사 측에서 고용한 탐정 등 세 사람이 추적에 나서는데...",movie/top_rated
510,뻐꾸기 둥지 위로 날아간 새,One Flew Over the Cuckoo's Nest,1975-11-19,8.412,11484,13.4467,드라마,https://image.tmdb.org/t/p/w500/9FfIRtY1BpUHDeYQ6CyOEXnJXLn.jpg,"많은 죄를 짓고 수감중이던 맥머피는 교도소에서 정신 병원으로 후송되는데, 감옥보다는 자유로울 것으로 생각했지만 전혀 그렇지 않다는 것을 깨닫는다. 정신 병원의 여러 환자들과 생활하면서 맥머피는 그들이 겉으로는 전혀 문제가 없어 보이지만 보이지 않는 병원내의 압력에 의해 짓눌려 사는 죽은 인간들임을 간파한다. 그리고 그러한 압력의 주범이 간호사 레취드임을 알게 된다. 맥머피는 환자들을 끌고 병원을 빠져나가 낚시를 다녀오거나 파티를 여는 등 의도적인 반항을 시도하다 결국 탈출을 결심하게 되는데...",movie/top_rated
40096,어 독스 윌,O Auto da Compadecida,2000-09-15,8.408,1223,4.5946,코미디|드라마|판타지|로맨스,https://image.tmdb.org/t/p/w500/imcOp1kJsCsAFCoOtY5OnPrFbAf.jpg,,movie/top_rated
1218925,극장판 체인소 맨:  레제편,劇場版 チェンソーマン レゼ篇,2025-09-19,8.41,931,26.0596,애니메이션|액션|로맨스|판타지,https://image.tmdb.org/t/p/w500/oTn0PoR8gSMpMqJaT2pUtkkN0Ia.jpg,"데블 헌터로 일하는 소년 ‘덴지’는 조직의 배신으로 죽음에 내몰린 순간 전기톱 악마견 ‘포치타’와의 계약으로 하나로 합쳐져 누구도 막을 수 없는 존재 ‘체인소 맨’으로 다시 태어난다. 악마와 사냥꾼, 그리고 정체불명의 적들이 얽힌 잔혹한 전쟁 속에서 ‘레제’라는 이름의 미스터리한 소녀가 ‘덴지’ 앞에 나타나는데… ‘덴지’는 사랑이라는 감정에 이끌려 지금껏 가장 위험한 배틀에 몸을 던진다!",movie/top_rated
255709,소원,소원,2013-10-02,8.402,863,17.8302,드라마,https://image.tmdb.org/t/p/w500/PZlNvDwKwHeHUsXnd6SEDXWZNn.jpg,"어느 비 오는 아침, 학교를 가던 9살 소녀 소원은 술에 취한 아저씨에게 끌려가 믿고 싶지 않은 사고를 당한다. 이 일로 몸과 마음에 지울 수 없는 상처를 받은 소원이네 가족. 하지만 절망 끝에서 희망을 찾아 나서는데...",movie/top_rated
667257,불가능한 것들,Cosas imposibles,2021-06-17,8.395,422,3.9574,가족|드라마,https://image.tmdb.org/t/p/w500/eaf7GQj0ieOwm08rrvjJQNbN0kN.jpg,"폭력적인 남편의 사망 후, 마틸데는 여전히 트라우마와 외로움 그리고 유령같이 그녀의 주변을 맴도는 남편의 흔적에 시달린다. 이웃집 소년 미겔과 가까워진 마틸데는 미겔의 마약 판매에 가담하면서, 이전까지 경험하지 못했던 새로운 삶에 눈을 뜨기 시작한다. 나이 차에도 불구하고 두 사람이 나누는 평범하지 않은 우정은 서로의 상처를 보듬고 치유해 준다. 삶의 막다른 골목에서, 불가능해 보였던 희망을 향해 나아가는 마틸데와 미겔의 용기 어린 선택이 감동으로 다가온다.",movie/top_rated
324857,스파이더맨: 뉴 유니버스,Spider-Man: Into the Spider-Verse,2018-12-06,8.393,17300,22.208,애니메이션|액션|모험|SF,https://image.tmdb.org/t/p/w500/d9V6Q9vpVpmaca7vwSUbCajtDb3.jpg,"평범한 10대 마일스 모랄레스는 우연히 방사능 거미에 물려 스파이더맨 능력을 가지게 된다. 혼란스러워하던 마일스는 악당과 싸우고 있는 피터 파커를 마주치게 되고 피터 파커는 마일스가 자신과 같은 능력을 가지고 있음을 직감한다. 여러 개의 평행세계가 존재한다는 것을 알게 된 마일스와 피터 파커는 이후 스파이더우먼 스파이더 그웬, 스파이더맨 누아르, 스파이더햄 등 평행세계 속 공존하는 모든 스파이더맨들을 만나게 되는데... 하나의 유니버스에서 만나 팀을 결성한 스파이더맨들은 과연 세계를 구할 수 있을까?",movie/top_rated
1891,스타워즈 에피소드 5: 제국의 역습,The Empire Strikes Back,1980-05-20,8.392,18462,11.4143,모험|액션|SF,https://image.tmdb.org/t/p/w500/icaO5w8uLVm4JxMew71JJrQE2YX.jpg,"제국군은 데스스타를 잃은 뒤에도 여전히 강력한 화력으로 반란군을 수세로 몰아넣었고, 반란군은 게릴라전을 위해 얼음으로 뒤덮인 행성 호스에 은신한다. 하지만 결국 제국군에 의해 호스의 반란군 기지마저 탄로나게 되고, 일행은 필사적으로 호스를 탈출해 다시 정처없는 피난길에 오른다. 반란군의 피난길에 함께 오르던 루크는 포스의 영이 된 오비완으로부터 제다이 마스터 요다를 찾아가라는 메시지를 받고 요다가 있는 정글 행성 대고바로 향한다. 루크는 요다를 만나 제다이가 되기 위한 훈련을 시작하고 솔로 일행은 제국군을 따돌리기 위해 옛 친구 랜도를 찾아가는데...",movie/top_rated
770156,루시 쉬머즈 앤 더 프린스 오프 피스,Lucy Shimmers and the Prince of Peace,2020-10-19,8.389,364,7.6616,드라마|가족,https://image.tmdb.org/t/p/w500/yfnJ5qIYx7q33fY4jqv9Pu95RSg.jpg,,movie/top_rated
378064,목소리의 형태,映画 聲の形,2016-09-17,8.388,4511,16.937,애니메이션|드라마|로맨스,https://image.tmdb.org/t/p/w500/aUF10sSW5OVfpK6Ma3vJYd3Tp3A.jpg,"따분한 게 질색인 아이, 이시다 쇼야.  간디가 어떤 사람인지, 인류의 진화과정이라든지, 알게뭐람.  어느 날 쇼야의 따분함을 앗아갈 전학생이 나타났다. 니시미야 쇼코. 그 아이는 귀가 들리지 않는다고 한다.  쇼야의 짓궂은 장난에도 늘, 생글생글 웃고만 있다. 짜증난다.  그의 괴롭힘에 쇼코는 결국 전학을 갔고, 이시다 쇼야는 외톨이가 되었다.  6년 후, 더 이상 이렇게 살아봐야 의미가 없음을 느낀 쇼야는 마지막으로 쇼코를 찾아간다.  처음으로 전해진 두 사람의 목소리. 두 사람의 만남이 교실을, 학교를,  그리고 쇼야의 인생, 쇼코의 인생을 바꾸기 시작한다.",movie/top_rated
4935,하울의 움직이는 성,ハウルの動く城,2004-09-09,8.387,11124,22.2316,판타지|애니메이션|모험,https://image.tmdb.org/t/p/w500/xiz6TiSduvR1U3VLfWVlBEdT9fO.jpg,"19세기 말 마법과 과학이 공존하고 있는 세계 앵거리. 소피는 돌아가신 아버지의 모자상점에서 쉴틈없이 일하는 18살 소녀이다. 어느 날 오랫만에 마을로 나간 소피는 우연히 하울을 만나게 된다. 하울은 왕실 마법사로서 핸섬하지만 조금 겁이 많은 청년이다. 황무지 마녀는 두 사람의 사이를 오해, 주문을 걸어 소피를 90살의 늙은 할머니로 만들어 버린다. 가족을 걱정한 소피는 집을 나오게 되고 황무지를 헤매다가 하울이 사는 성에서 가정부로 낯선 생활을 시작한다. 4개의 다리로 걷는 기괴한 움직이는 성 안에서 하울과 소피의 기묘한 사랑과 모험이 시작되는데...",movie/top_rated
696374,가브리엘의 지옥,Gabriel's Inferno,2020-05-29,8.384,2471,3.8091,로맨스|드라마,https://image.tmdb.org/t/p/w500/oyG9TL7FcRP4EZ9Vid6uKzwdndz.jpg,,movie/top_rated
807,세븐,Se7en,1995-09-22,8.382,23168,24.0931,범죄|미스터리|스릴러,https://image.tmdb.org/t/p/w500/izzk8dbmrLowcoGbFaebqJvzyXg.jpg,"은퇴를 7일 앞둔 관록의 형사 윌리엄 소머셋(모건 프리먼)과 새로 전근 온 신참내기 형사 밀스(브래드 피트)가 팀이 된 바로 다음날, 강압에 의해 위가 찢어질 때까지 먹다가 죽은 초고도 비만 남자와 역시 강압에 의해 식칼로 자기 살을 베어내 죽은 악덕 변호사의 사건과 마주한다. 식탐, 탐욕, 그리고 나태, 분노, 교만, 욕정, 시기. 소머셋은 현장에 남은 흔적들로 단테의 신곡과 쵸서의 캔터베리 서사시를 근거로 한 기나긴 연쇄 살인이 시작되었음을 직감하고 성서의 7가지 죄악을 따라 발생하는 사건들을 추적하기 시작하는데...",movie/top_rated
311,원스 어폰 어 타임 인 아메리카,Once Upon a Time in America,1984-05-23,8.381,6062,13.5003,드라마|범죄,https://image.tmdb.org/t/p/w500/xbuc6sjIIopkA1Ep24rR6yCw0DK.jpg,"1921년, 좀도둑질을 일삼던 누들스는 친구들과 함께 밀수품 운반 일을 하며 돈을 벌어들인다. 누들스 무리에 위협을 느낀 벅시는 누들스의 친구를 죽이고, 분노한 누들스는 벅시를 살해한 후 감옥에 들어가게 된다. 1932년, 출소한 누들스는 어린 시절 첫사랑 데보라와 밀주 사업으로 크게 성공한 맥스를 다시 만나지만, 금주법 철폐로 밀주 사업도 위기를 맞는다. 맥스는 누들스에게 연방준비은행을 털 것을 제안하지만 누들스는 거절한다. 1968년, 베일리 재단 파티에 초대 받은 누들스는 재단 창립 기념 사진 속에서 데보라를 발견하고 그녀를 찾아가는데...",movie/top_rated
244786,위플래쉬,Whiplash,2014-10-10,8.375,16672,22.2526,드라마|음악|스릴러,https://image.tmdb.org/t/p/w500/oKNkhmyIBiDENivK6ELZxfBWa3q.jpg,"최고의 드러머가 되기 위해서라면 무엇이든 할 각오가 되어있는 음악대학 신입생 앤드류는 아무도 없는 지하실에서 혼자 드럼을 연습하던 중 우연한 기회로 누구든지 성공으로 이끄는 최고의 실력자이지만, 또한 동시에 최악의 폭군인 플렛처 교수에게 발탁되어 그의 밴드에 들어가게 된다. 설레는 마음으로 참가한 첫 연습에서, 그는 플렛처 교수의 진짜 얼굴을 마주치게 된다. 폭언과 학대 속에 좌절과 성취를 동시에 안겨주는 플렛처의 지독한 교육방식은 천재가 되길 갈망하는 앤드류의 집착을 끌어내며 그를 점점 광기로 몰아넣는데...",movie/top_rated
423,피아니스트,The Pianist,2002-09-17,8.374,10163,11.1845,드라마|전쟁,https://image.tmdb.org/t/p/w500/t7L2YDpu635qKT3ehqZxry4yvTX.jpg,"1939년 폴란드 바르샤바, 유명한 유대계 피아니스트 블라디슬로프 스필만은 한 인기 라디오 프로그램에서 쇼팽의 야상곡을 연주하다 폭격을 당한다. 이후 유태인인 스필만과 가족들은 게토에서 생활하지만, 결국 수용소로 향하는 기차에 몸을 싣게 된다. 가족들을 죽음으로 내보내고 간신히 목숨을 구한 스필만은 허기와 추위, 고독과 공포 속에서 마지막까지 생존해 나간다. 자신을 도와주던 몇몇의 사람마저 떠나고, 자신만의 은신처에서 끈질기게 생존을 유지하는 스필만. 어둠과 추위로 가득한 폐건물 속에서 은신생활 중 스필만은 우연찮게 순찰을 돌던 독일 장교에게 발각되는데...",movie/top_rated
27205,인셉션,Inception,2010-07-15,8.372,39371,31.6964,액션|SF|모험,https://image.tmdb.org/t/p/w500/atSxEGstxXRoSKDQFBgqQ5lpGSt.jpg,"타인의 꿈에 들어가 생각을 훔치는 특수 보안요원 코브. 그를 이용해 라이벌 기업의 정보를 빼내고자 하는 사이토는 코브에게 생각을 훔치는 것이 아닌, 생각을 심는 ‘인셉션’ 작전을 제안한다. 성공 조건으로 국제적인 수배자가 되어있는 코브의 신분을 바꿔주겠다는 거부할 수 없는 제안을 하고, 사랑하는 아이들에게 돌아가기 위해 그 제안을 받아들인다. 최강의 팀을 구성, 표적인 피셔에게 접근해서 ‘인셉션’ 작전을 실행하지만 예기치 못한 사건들과 마주하게 되는데… 꿈 VS 현실! 시간, 규칙, 타이밍 모든 것이 완벽해야만 하는, 단 한 번도 성공한 적 없는 ‘인셉션’ 작전이 시작된다!",movie/top_rated
12493,천국과 지옥,天国と地獄,1963-03-01,8.363,1131,6.1221,드라마|범죄|스릴러,https://image.tmdb.org/t/p/w500/3faOft1rjJrIahaLHof9AwDth2z.jpg,신발 제조 회사의 중역인 곤도는 회사의 주도권을 잡기 위해 자신의 전 재산을 회사에 투자한 상태다. 어느 날 그는 자신의 아들이 납치됐으며 범인이 엄청난 몸값을 요구하고 있다는 통보를 받고 회사냐 아들이냐 하는 선택의 기로에 서게 된다. 하지만 정작 납치된 것은 그의 아들이 아니라 그의 운전사의 아들이란 사실이 밝혀지면서 곤도는 또 다른 고민에 빠지게 되는데...,movie/top_rated
724089,가브리엘의 지옥 파트 2,Gabriel's Inferno: Part II,2020-07-31,8.349,1555,3.056,로맨스|드라마,https://image.tmdb.org/t/p/w500/x5o8cLZfEXMoZczTYWLrUo1P7UJ.jpg,,movie/top_rated
274,양들의 침묵,The Silence of the Lambs,1991-02-14,8.345,18037,3.9396,범죄|스릴러|드라마,https://image.tmdb.org/t/p/w500/hOr56UKAsB9waNDHhriOntCjHTJ.jpg,"FBI 요원 스탈링은 몸집이 비대한 여자들의 살을 도려내는 변태 살인마를 추적하라는 상부의 명령을 받는다. 스탈링은 사건 해결의 단서를 얻기 위해 인육을 먹은 죄로 감옥에 수감된 정신과 의사 렉터 박사를 찾아간다. 지능범인 렉터와 침착하게 대처하는 스탈링은 긴장감 속에서 협상을 한다. 이러한 와중에 상원 의원의 딸 캐더린이 납치된다. 결국 범인의 정체를 알려준다던 렉터는 다른 감옥으로 이송되고 스탈링은 수사에서 제외된다. 범인에 대한 단서를 알아낸 범죄 심리 전문가인 렉터는 이송 중에 도주하고, 스탈링은 렉터와 나눈 마지막 대화를 기억하고 수사를 계속하는데...",movie/top_rated
761053,가브리엘의 지옥 파트 3,Gabriel's Inferno: Part III,2020-11-19,8.341,1090,6.1928,로맨스|드라마,https://image.tmdb.org/t/p/w500/fYtHxTxlhzD4QWfEbrC1rypysSD.jpg,,movie/top_rated
567,이창,Rear Window,1954-08-01,8.337,7184,7.8599,스릴러|미스터리|드라마,https://image.tmdb.org/t/p/w500/jU5Fe7n9rsEBa0uaV5dqGjJGwmX.jpg,사진 작가인 제프리스는 촬영 도중 다리가 부러져 휠체어에서 꼼짝할 수 없는 처지이다. 무료함을 견디지 못하는 그는 자신의 그리니치 빌리지에 있는 독신자 아파트에서 뜰 건너편에 사는 사람들의 행동을 관찰하는 것으로 시간을 보낸다. 어느날 건너편 아파트에 사는 한 사람이 아내를 살해한 것으로 의심받을 만한 짓을 한 것을 본 그는 이를 모델인 애인 리사와 친구인 형사 도일에게 말하지만 아무도 그의 말을 믿지 않는다. 그러나 결국 그의 의심이 전혀 근거없는 것은 아니라는 것을 알게 된 리사와 간호부 스텔라는 그의 지시에 따라 범행의 증거를 찾아 부부의 집을 조사하기 시작하는데...,movie/top_rated
569094,스파이더맨: 어크로스 더 유니버스,Spider-Man: Across the Spider-Verse,2023-05-31,8.336,8672,24.8159,애니메이션|액션|모험|SF,https://image.tmdb.org/t/p/w500/lMWTlGr9jVUC18T515hPRKym5QQ.jpg,"여러 성장통을 겪으며 새로운 스파이더맨이 된 마일스 모랄레스. 그 앞에 다른 평행세계의 스파이더우먼 그웬이 다시 나타난다. 모든 차원의 멀티버스 속 스파이더맨들을 만나게 되지만, 질서에 대한 신념이 부딪히며 예상치 못한 균열이 생기는데… 상상 그 이상을 넘어서는 멀티버스의 세계가 열린다!",movie/top_rated
1058694,래디컬,Radical,2023-10-19,8.329,506,3.8988,드라마,https://image.tmdb.org/t/p/w500/eSatbygYZp8ooprBHZdb6GFZxGB.jpg,,movie/top_rated
73,아메리칸 히스토리 X,American History X,1998-07-01,8.327,12612,9.4389,드라마,https://image.tmdb.org/t/p/w500/nm4XkYBt79ZjUQj6Rqxxzl1Wt3c.jpg,"3년 전 강도 사건으로 소방수였던 아버지를 잃은 데렉은 백인 우월주의자들의 모임인 DOC에 관심을 갖게 되면서 유색인종에게 그 분노와 증오를 터트린다. 그는 혐오스러운 유색인종들을 이 땅에서 몰아내야 한다고 주장하면서 강렬한 카리스마로 동료들 사이에서 영웅이 된다. 가족들은 그런 그의 모습을 걱정하여 만류하지만, 단 한 사람, 동생 대니만은 그를 전적으로 믿고 따른다. 어느 날, 데렉에게 적대감을 품은 흑인들이 아버지의 낡은 밴을 훔치러 왔을 때 그는 서슴없이 그들에게 총을 겨눈다. 그리고는 총을 맞고 신음하는 그를 참혹하게 죽이고 마는데...",movie/top_rated
105,빽 투 더 퓨쳐,Back to the Future,1985-07-03,8.326,21869,18.1947,모험|코미디|SF,https://image.tmdb.org/t/p/w500/zzxvtXJ9pahjWVX3Q2ko29J0Zf6.jpg,"마티 맥플라이(마이클 J. 폭스)는 평범한 고등학생이다. 그런데 평소 친하게 지내던 괴상한 발명가 에메트 브라운 박사(크리스토퍼 로이드)가 스포츠카 드로리안을 개조해 타임머신을 만들고, 뜻밖의 사고로 브라운 박사가 테러범들에게 총을 맞고 위험해진 상황에서 마티는 30년 전으로 가게 된다. 극장 간판에는 2류 배우인 로널드 레이건이 보이고 청년인 아버지와 어머니를 보게 된다. 젊은 아버진 멍청하고, 어머니는 미래의 아들인 마티를 좋아해 야단이다. 마티가 미래로 가는 것을 도와 줄 사람은 30년 전인 젊은 브라운 박사뿐인데...",movie/top_rated
128,모노노케 히메,もののけ姫,1997-07-12,8.321,9031,17.937,모험|판타지|애니메이션,https://image.tmdb.org/t/p/w500/lLftgg4iFyDwuodra3Isr41y2Lq.jpg,"북쪽의 끝, 에미시족의 마을에 어느 날 갑자기 재앙신이 나타나 마을을 위협한다. 이에 강한 힘을 소유한 에미시족의 후계자인 아시타카는 결투 끝에 포악해진 재앙신을 쓰러트리지만 싸움 도중 오른팔에 저주의 상처를 받고 죽어야 할 운명에 처하게 된다. 결국 재앙신의 탄생 원인을 밝혀 자신의 저주를 없애기 위해 서쪽으로 길을 떠난 아시카타는 여행 중에 지코라는 미스테리한 수도승을 만나 재앙 신이 생겨나게 된 이유가 서쪽 끝에 있는 시시신의 숲과 관련이 깊다는 이야기를 듣게 되고 한시 바삐 서쪽으로 향한다.",movie/top_rated
1184918,와일드 로봇,The Wild Robot,2024-09-12,8.314,6145,37.2546,가족|애니메이션|SF|모험,https://image.tmdb.org/t/p/w500/iA9NiygwSOBy8FjZjvdYOMxRUG0.jpg,"우연한 사고로 거대한 야생에 불시착한 로봇 로즈는 주변 동물들의 행동을 배우며 낯선 환경 속에 적응해 가던 중, 사고로 세상에 홀로 남겨진 아기 기러기 브라이트빌의 보호자가 된다. 로즈는 입력되어 있지 않은 새로운 역할과 관계에 낯선 감정을 마주하고 겨울이 오기 전에 남쪽으로 떠나야 하는 브라이트빌을 위해 동물들의 도움을 받아 이주를 위한 생존 기술을 가르쳐준다. 그러나 선천적으로 몸집이 작은 브라이트빌은 짧은 비행도 힘겨워 하는데...",movie/top_rated
10494,퍼펙트 블루,PERFECT BLUE,1998-02-28,8.3,3213,11.4861,애니메이션|스릴러,https://image.tmdb.org/t/p/w500/cpsxJP7lUNEozPtDLIM5gPC9gJH.jpg,"아이돌 소녀 그룹인 Charm의 리더인 미마는 본격적인 연기를 시작하기 위해 아이돌의 그늘을 벗어나려고 하지만,첫 출연작부터 난관에 부딪힌다. 누드 등을 통한 과격적인 홍보로 그녀를 더욱 알리려는 소속사 대표와 미마를 지켜주려고 노력하는 그녀의 담당 매니저의 갈등. 그리고 아직까지도 아이돌로서의 그녀를 그리워하는 팬들. 그 모든 것의 중심에 선 미마는 비록 대사는 한마디에 불과한 단역이지만 그래도 주어진 역할에 충실히 하기 위해 노력한다. 드라마에서 광기어린 살인을 저지르고 다니는 소녀 역할을 맡은 미마는 현실과 허구의 경계선에서 자신을 쫓아다니던 스토커를 해친다. 그러나 그 일 역시 사실인지 허구인지는 불분명하다. 이제 미마의 눈에는 또 다른 미마가 보이기 시작한다. 아이돌 시절 그대로의 모습으로 미마의 눈 앞에 나타난 또 다른 미마는 그녀에게 과거 인기 스타로의 회귀를 강요한다. 니가 나고, 내가 너야. 라고 말하는 또 다른 자아 앞에서 미마는 혼란에 빠진다. 그러던 중, 미마의 주변을 둘러싼 사람들이 하나 둘 살해당하고 범인을 알 수 없는 상황에서 극도의 불안감을 느끼는 미마는 누군가 끊임없이 자신을 지켜보고 있다는 것을 느끼는데...",movie/top_rated
3782,이키루,生きる,1952-10-09,8.3,1347,5.8625,드라마,https://image.tmdb.org/t/p/w500/8aja0bziXOA0ZgspOLyt4PVZ9kF.jpg,"주인공은 어떤 도시의 시청에서 근무하는 노년의 남자. 시민 과장이란 직위는 있지만 매일 출근해서 서류에 도장을 찍는 기계다. 말수도 적고 인간관계도 서투른 그는 부인을 잃은 후 외아들에게만 희망을 걸고 독신생활을 해왔다. 약간의 저축도 하면서 아들 부부와 함께 살고 있다. 어느날 갑자기 앞으로 3개월뿐이라는 위암선고를 받는 게 사건의 발단이 된다. 핏줄에게서 위안을 받으려 하지만, 부인과 함께 따로 살림을 차리는 데만 혈안이 된 아들의 모습에서 실망을 느끼고 자포자기 상태에 빠진다. 술과 도박장 등 쾌락에 의존해 죽음에 대한 공포를 떨쳐버리려 하지만 쉽지 않다. 그러다 옛날 여직원을 우연히 길에서 만나고, 지금은 인형 제조공장에서 여직공 일을 하고 있는 그녀에게서 건강함과 생명력을 느끼게 된다. 아무리 사소한 것이라도 뭔가를 창조하는 데서 즐거움을 얻을 수 있다는 사실을 배우게 되고, 먼지가 뿌옇게 쌓여 있던 서류더미 속에서 일거리를 찾아낸다. 가난한 사람들이 살고 있는 지역에 아이들을 위한 놀이터를 만들어달라는 건의였는데 계속 무시되고 있었던 터이다. 타성에 젖은 관료들에게 고개를 숙여 마침내 놀이터를 건립하지만, 준공식 후 주인공은 눈을 맞으며 죽고, 아무런 상관도 없는 관리들에게 공로가 돌아간다는 허무주의로 끝을 맺는다.",movie/top_rated
207,죽은 시인의 사회,Dead Poets Society,1989-06-02,8.3,12641,17.158,드라마,https://image.tmdb.org/t/p/w500/41AJ4X5TRWpECsiMIKS8so4MSsD.jpg,"1859년에 창립된 미국의 명문 사립학교인 웰튼 고등학교의 새 학기를 맞아 신입생들도 들어오고, 이 학교 출신인 새로운 영어 교사 존 키팅(로빈 윌리엄스)도 부임한다. 키팅 선생은 학생들에게 관습에 맞서고 자신의 삶을 남다르게 가꾸라며 새로운 학습 방법으로 학생들을 지도하며 학생들에게 신선한 충격을 준다. 닐(로버트 숀 레오나드)은 키팅 선생을 캡틴이라 부르며 따르게 되고, 몇몇 학생들과 함께 죽은 시인의 사회라는 시낭독 클럽을 조직한다. 닐과 그의 친구들은 엄격한 학교 규율을 어기고 서클에 참여하면서 키팅 선생을 통해 참된 인생이 무엇인지를 조금씩 느끼게 되는데...",movie/top_rated
533514,극장판 바이올렛 에버가든,劇場版 ヴァイオレット・エヴァーガーデン,2020-09-18,8.298,516,6.6643,애니메이션|드라마|판타지|로맨스,https://image.tmdb.org/t/p/w500/mBUy2lCwk6fpByQ7GBFKRApKEHb.jpg,"친애하는 길베르트 소령님, 오늘도 또 당신을 떠올리고 말았습니다.  무엇을 보든 무엇을 하든 당신이 떠오릅니다.  시간이 지나도 당신과 보냈던 기억은 선명하게 되살아납니다. 당신은 날 곁에 두었고 아무것도 모르는 제게 살아가는 방법을 가르쳐 주셨고 처음으로 사랑이라는 감정을 알려주셨습니다.  그래서 이렇게 또 편지를 쓰게 됩니다.  -언젠가 이 편지가 당신에게 닿기를 바라며-",movie/top_rated
101,레옹,Léon,1994-09-14,8.3,16148,15.623,범죄|드라마|액션,https://image.tmdb.org/t/p/w500/cVNasmF1Egd3v3mpq747Hizxx4x.jpg,"한 손엔 우유 2팩이 든 가방, 다른 한 손엔 화분을 들고 뿌리 없이 떠도는 킬러 레옹은 어느 날 옆 집 소녀 마틸다의 일가족이 몰살 당하는 것을 목격한다. 그 사이 심부름을 갔다 돌아 온 마틸다는 가족들이 처참히 몰살 당하자 레옹에게 도움을 청한다. 가족의 원수를 갚기 위해 킬러가 되기로 결심한 12세 소녀 마틸다는 레옹에게 글을 알려주는 대신 복수하는 법을 배우고, 그 사이 레옹에 대한 사랑을 키워나간다. 드디어 그녀는 가족을 죽인 사람이 부패한 마약 경찰 스탠스임을 알게 되고, 홀로 그의 사무실로 향하게 되는데...",movie/top_rated
644479,Dedicada A Mi Ex,Dedicada A Mi Ex,2019-11-01,8.3,513,3.2697,드라마|코미디,https://image.tmdb.org/t/p/w500/xc4bTXVwYNXi10jG9dwcaYt5IpU.jpg,,movie/top_rated
42269,우리는 그토록 사랑했네,C'eravamo tanto amati,1974-12-21,8.3,651,3.3674,드라마|코미디,https://image.tmdb.org/t/p/w500/jsjfvG1971tCUPtvj1dNSPWNzST.jpg,2차 대전 당시 연합군으로 참전했다가 친구가 된 세 남자와 한 여자의 사랑과 우정을 그린 작품.,movie/top_rated
372754,동급생,同級生,2016-02-20,8.283,442,4.4447,로맨스|애니메이션,https://image.tmdb.org/t/p/w500/jNJ9shLhjRavjrCGRnoTmYB18d2.jpg,"밴드 활동을 하며 여자에게도 인기가 많은 쿠사카베 히카루.  고교 입시에서 만점을 받은 인재 사죠 리히토. 도무지 접점이 없어 보이는 두 남학생은 합창 대회 연습을 계기로 친해진다. 음을 느끼고 목소리에 귀를 기울이고 화음을 만들어가며 둘의 마음은 공명하기 시작하는데… 느긋하게 고조되다 뜻밖의 순간에 터져버리는 사랑의 감정. 순수하고 솔직한 쿠사카베 히카루와 그를 밀어내면서도 조금씩 마음을 열어가는 사죠 리히토.  청춘의 풋풋함 속에서 고민하고, 망설이며 앞으로 나아가고자 하는 그들이 깨달은 마음이란…",movie/top_rated
1585,멋진 인생,It's a Wonderful Life,1946-12-20,8.281,4916,7.6889,드라마|가족|판타지,https://image.tmdb.org/t/p/w500/fhQfao7sFWlnV5JieOexCaGPTzS.jpg,"조지 베일리는 베드폴드 마을 사람들을 위해 평생을 봉사하며 살아온 인물. 그는 항상 여행을 원했지만 마을 전체를 인수하려는 구두쇠 포터의 계략을 막기 위해서 그 기회를 버릴 수 밖에 없었다. 그를 저지하기 위해 그와 그의 아버지가 만든 대출회사는 애를 쓰지만, 크리스마스 이브에 빌리 삼촌이 사업비 8000달러를 은행에 예금하려던 중 돈을 잃어버린다. 포터는 돈의 위치를 알아내고 이를 숨긴다. 조지는 책임을 떠안고 감옥에 구속되고, 회사는 파산한다. 마침내 포터는 도시를 인수한 것이다. 사랑하는 아내, 자식 그리고 마을 사람들을 생각하며 조지는 자살을 생각하지만, 그의 앞에 수호천사 클라란스가 나타나는데...",movie/top_rated
820067,극장판 5등분의 신부,映画 五等分の花嫁,2022-05-20,8.28,444,5.8378,애니메이션|코미디|로맨스,https://image.tmdb.org/t/p/w500/shtqSAsB8snS3iww99iksu2QaoZ.jpg,"「낙제 직전」「공부가 싫은」미소녀 다섯 쌍둥이를  아르바이트 가정 교사로서 「졸업」까지 이끈 후타로.  배우에 전념하기 위해 휴학하기로 한 이치카의 공부를 봐주면서  「학교 축제」 준비에 힘쓰는 후타로와,  후회 없는 「학교 축제」를 만들기 위해 평소 이상으로 노력하는 요츠바.  어지러운 날들이 지나고 정신을 차려보니 「학교 축제」 전날.  후타로는 포기하지 않고 힘쓰는 이츠키의 모습에 힘입어,  니노의 각오와 미쿠의 결의, 그리고 이치카·요츠바·이츠키에 대한 마음의 답을 찾는다.  저마다의 생각을 안고 있는 와중,  드디어 시작된 고교 생활 최후의(마지막) 이벤트인 「학교 축제」 첫날.  『학교 축제 첫날 15시에 교실에 와줘』  교실에 모인 다섯 쌍둥이는, 후타로에게 어떠한 마음을 고백 받게 될까?",movie/top_rated
3082,모던 타임즈,Modern Times,1936-02-05,8.28,4089,5.7986,코미디|드라마|로맨스,https://image.tmdb.org/t/p/w500/51tKLNNKi8fKZq9DTcGpFAJ7IPc.jpg,"산업의 기계화와 대공황이 맞물려 힘든 시절, 공장의 컨베이어 벨트 위에서 하루 종일 나사못 조이는 일을 하는 찰리. 찰리는 반복되는 작업에 착란 현상을 일으키고, 눈에 보이는 모든 것을 조여버리는 강박 관념에 빠지고 만다. 그는 급기야 정신 병원에 가게 되고, 거리를 방황하다 시위 군중에 휩쓸려 감옥살이까지 하게 된다. 몇 년 후 감옥에서 풀려난 찰리는 부모를 잃고 고아가 된 한소녀를 만난다. 그녀의 도움으로 카페에서 일하게 되고 서로를 의지하며 새로운 희망을 가진다. 둘은 행복하고 단란한 가정을 꿈꾸며 일자리를 찾아 헤매지만 매번 다시 거리로 내몰리고 마는데...",movie/top_rated
914,위대한 독재자,The Great Dictator,1940-10-15,8.279,3709,6.0002,코미디|전쟁,https://image.tmdb.org/t/p/w500/uw26mSTaA10hg2yuQfNaFLSeY3h.jpg,"세계대전에서 패배한 토매니아국에 힌켈이라는 독재자가 나타나 악명을 떨친다. 한편, 힌켈과 닮은꼴 외모의 이발사 찰리는 국가의 유태인 탄압정책으로 인해 곤경에 처하지만 병사로 참전했던 전쟁에서 우연히 구해줬던 슐츠 장교의 도움을 받아 위기를 모면한다. 독재자 힌켈의 악행은 갈수록 도를 더해가고, 찰리는 유태인 수용소에 끌려가게 되지만 기지를 부려 탈옥에 성공한다. 하지만 이발사와 똑같은 얼굴을 한 힌켈이 탈옥범으로 오해 받아 감옥에 잡혀 들어가게 되는데…",movie/top_rated
599,선셋 대로,Sunset Boulevard,1950-08-10,8.3,2942,5.9714,드라마,https://image.tmdb.org/t/p/w500/zt8aQ6ksqK6p1AopC5zVTDS9pKT.jpg,캘리포니아주 로스앤젤레스의 선셋 대로에 위치한 대저택에서 살인사건이 발생한다. 유명 여배우의 풀장에서 한 시나리오 작가가 총에 맞은 채 죽어서 발견된 것이다. 경찰이 출동한 가운데 세상 사람들은 이 사건에 눈과 귀를 기울인다. 사건이 일어나기 정확히 6개월 전. 주로 B급 영화의 시나리오를 썼던 조셉 길리스는 벌이가 좋지 않아 차까지 압류당할 위기에 처한다. 해결사들의 추격을 받던 조셉은 선셋 대로에 위치한 대저택에 숨어들었다가 그 곳의 주인이자 과거 무성영화 시절 스타인 노마 데스몬드을 만나게 된다. 노마는 조셉에게 자신이 쓴 시나리오를 보여주며 유혹하는데...,movie/top_rated
620249,나소흑전기: 첫만남편,罗小黑战记,2019-08-27,8.282,479,8.407,애니메이션|판타지|액션,https://image.tmdb.org/t/p/w500/4VhlO8O5COmkz3XBwrbfnunTnzK.jpg,"요정과 인간이 공존하는 환상적인 세계가 열린다! 숲속의 집을 잃고 홀로 떠돌던 검은 고양이 요정 ‘소흑’은 도시 뒷골목에서 미스터리한 능력의 요정 ‘풍식’을 만나 위기를 모면한다. ‘풍식’의 무리와 버려진 섬에서 행복한 시간을 보내는 ‘소흑’. 그러던 중 최강 능력의 집행자 ‘무한’이 ‘풍식’을 쫓아 섬에 오자 ‘풍식’ 일행은 달아나고, ‘소흑’만 남게 된다. 홀로 남은 ‘소흑’을 요정들의 회관으로 데려가려는 ‘무한’과 ‘무한’을 무서운 인간이라 여겨 도망치려는 ‘소흑’. 둘은 여정 속에서 점점 마음을 열게 되고, ‘무한’은 ‘소흑’에게 특별한 능력이 있음을 알게 된다. 한편, 요정들이 공격받는 의문의 사건이 곳곳에서 일어나고, 엄청난 능력을 지닌 존재들이 ‘소흑’과 ‘무한’의 앞을 막아서는데... 함께하면 두려울 것 없는 우리들의 이야기는 지금부터!",movie/top_rated
335,옛날 옛적 서부에서,C'era una volta il West,1968-12-21,8.274,4912,12.1195,드라마|서부,https://image.tmdb.org/t/p/w500/3MPqF2iK6ZBoagnB5H1pjImHpHc.jpg,"프랭크가 보낸 세명의 총잡이가 기차역에서 누군가를 기다린다. 드디어 그들이 기다리던 한 남자가 하모니카를 불며 기차역에 도착하고, 그들 세 총잡이는 모두 이름 없는 그 남자의 총에 쓰러진다. 한편, 프랭크와 그 부하들은 아일랜드 출신인 맥베인 일가를 잔인하게 살해하는데, 뉴올리언즈에서 이제 막 도착한 맥베인의 새 아내 질로서는 황망할 수밖에 없다. 두 사람은 한달 전 이미 결혼을 한 상태였다.  다시 뉴올리언즈로 돌아가려던 질은 마음을 고쳐먹고 맥베인과 아이들의 시체만 있는 그 집에서 혼자 생활을 시작한다.",movie/top_rated
652837,"조제, 호랑이 그리고 물고기들",ジョゼと虎と魚たち,2020-12-25,8.271,602,6.1201,애니메이션|드라마|로맨스,https://image.tmdb.org/t/p/w500/v60S8rPRCQRYSeCtmLiuRpQqIfC.jpg,"지체장애인인 조제는 그림 그리기를 좋아하며, 미처 경험해 보지 못한 세상에 대한 호기심과 두려움을 동시에 가지고 살아간다. 해양생물학을 전공하며 유학을 준비 중인 츠네오는 바다를 사랑하는 대학생으로 조제와 비슷한 또래이다. 조제를 온실 속 화초처럼 키워온 할머니는 츠네오를 아르바이트생으로 고용하여 조제를 일정 시간 돌보게 한다. 조제는 할머니의 눈을 피해, 혹은 할머니의 묵인하에, 츠네오와 함께 바깥나들이를 시작하고 조금씩 세상을 향해 마음을 열어간다.",movie/top_rated
77338,언터처블: 1%의 우정,Intouchables,2011-11-02,8.271,18464,23.6727,드라마|코미디,https://image.tmdb.org/t/p/w500/4oOf3pmDD5rMNQGgsf7zMbFKtKC.jpg,"상위 1% 귀족남과 하위 1% 무일푼이 만났다.  2주간의 내기로 시작된 상상초월 특별한 동거 스토리  하루 24시간 내내 돌봐주는 손길이 없으면 아무 것도 할 수 없는 전신불구의 상위 1% 백만장자 필립(프랑수아 클루제). 어느 날 우연히, 가진 것이라곤 건강한 신체가 전부인 하위 1% 무일푼 백수 드리스(오마 사이)를 만나게 된 그는 거침없이 자유로운 성격의 드리스에게 호기심을 느껴 특별한 내기를 제안한다. 바로 2주 동안 필립의 손발이 되어 한시도 떨어지지 않고 자신을 간호하며 버틸 수 있는지 시험해보겠다는 것. 참을성이라곤 눈꼽 만큼도 찾아 볼 수 없던 드리스는 오기가 발동해 엉겁결에 내기를 수락한다. 이렇게, 전혀 어울릴 것 같지 않던 극과 극, 두 남자의 예측불허 기막힌 동거가 시작 되는데…",movie/top_rated
28,지옥의 묵시록,Apocalypse Now,1979-05-19,8.269,9122,13.0384,드라마|전쟁,https://image.tmdb.org/t/p/w500/giP5yeJBrsqglkM05pbiTyRsoBa.jpg,미국 특수부대의 윌라드 대위는 고향에 돌아갔다가 아내가 내민 이혼장에 도장을 찍고 다시 정글로 돌아온다. 혼돈과 막연한 갈망에 시달리던 윌라드에게 떨어진 임무는 캄보디아에 자신의 왕국을 건설한 커츠 대령을 암살하라는 것. 커츠 대령은 한때 가장 뛰어난 군인으로 인정받았으나 미국의 통제를 벗어나 캄보디아에서 독자적인 왕국을 거느리고 있다. 윌라드 대위는 4명의 병사들과 함께 커츠 대령을 찾아 나선다. 폭염과 광기로 가득한 전투를 겪으면서 두려움과 공포로 이성을 잃어가던 그들은 마침내 커츠 대령의 왕국에 도착한다. 그리고 그곳에서 윌라드 대위는 상상을 초월하는 진실을 마주하게 되는데...,movie/top_rated
1317149,아이 스웨어,I Swear,2025-09-22,8.249,351,14.9804,드라마|역사,https://image.tmdb.org/t/p/w500/vUwyhNWBKkSwK8ELvEeBRwV724h.jpg,,movie/top_rated
654299,Como caído del cielo,Como caído del cielo,2019-12-24,8.263,384,3.2209,코미디|드라마|음악,https://image.tmdb.org/t/p/w500/o9cSEHrXzPOO4OIoT9yrdxc216w.jpg,,movie/top_rated
1139087,원스 어폰 어 스튜디오,Once Upon a Studio,2023-09-24,8.262,434,5.0529,애니메이션|가족|판타지|드라마|코미디,https://image.tmdb.org/t/p/w500/qLOcYTVg5YXY7FwrGXUeYa2itaH.jpg,"월트 디즈니 컴퍼니의 모태인 월트 디즈니 애니메이션 스튜디오가 창립 100주년을 기념해 제작한 단편 애니메이션이다. 월트 디즈니 애니메이션 스튜디오 창립 100주년을 기념하고자 디즈니 애니메이션의 캐릭터들이 모두 모여 단체 사진을 찍는 에피소드를 다루고 있으며,  500명이 넘는 캐릭터들이 등장한다.",movie/top_rated
18491,엔드 오브 에반게리온,新世紀エヴァンゲリオン劇場版 Air／まごころを、君に,1997-07-19,8.3,1864,8.241,애니메이션|SF|드라마|판타지,https://image.tmdb.org/t/p/w500/rS97sHvlsUAp8F6tkC78YjRU8wl.jpg,"‘카오루’의 죽음 이후 공황 상태에 빠진 ‘신지’. 한편, 네르프 총사령관 ‘겐도’는 ‘서드 임팩트’ 즉, ‘인류보완계획’을 놓고 ‘제레’와 갈등을 벌인다. 이에 ‘제레’는 양산형 에바를 투입해 네르프 본부와 에바 파일럿들을 향해 총공격을 감행하고 맹공에 혼수 상태였던 ‘아스카’까지 완전히 폭주한다. ‘신지’는 ‘미사토’의 도움으로 겨우 초호기에 오르지만, 인류의 운명을 결정해야 하는 상황에 한계에 부딪히게 되는데…",movie/top_rated
92321,반딧불이의 숲으로,蛍火の杜へ,2011-09-17,8.257,1218,0.0085,로맨스|애니메이션|판타지,https://image.tmdb.org/t/p/w500/ijAOOOrcLViYPkXIauhRhCj2ySf.jpg,미도리카와 유키의 동명만화를 원작으로 한 작품으로 숲에서 길을 잃은 주인공이 요술로 사람의 눈에 보이는 힘이 있는 요괴와 만난 이야기를 그리고 있다.,movie/top_rated
8587,라이온 킹,The Lion King,1994-06-15,8.254,19736,26.9671,애니메이션|가족|드라마,https://image.tmdb.org/t/p/w500/9Y048zYw66TWvpUtsiNK0uReiVX.jpg,아프리카의 평화로운 왕국 프라이드랜드. 이곳을 다스리는 사자 무파사의 아들 심바가 태어난다. 왕의 동생 스카는 자신이 왕위를 차지하기 위해 하이에나들과 결탁하여 무파사를 죽이고 심바에게 죄를 뒤집어 씌워 멀리 내쫓는다. 간신히 목숨을 건진 심바는 유쾌한 미어캣 티몬과 멧돼지 품바와 함께 생활하며 어른이 된다. 어느 날 심바는 옛 친구 날라를 만나 프라이드랜드가 파괴되고 있다는 소식을 듣게 된다. 하지만 자신이 저지른 실수 때문에 고향으로 돌아가기를 거부하는 심바. 결국 아버지의 가르침과 자신의 운명을 깨달은 심바는 스카와 하이에나들을 물리치고 평화를 되찾기 위해 왕국으로 돌아가는데...,movie/top_rated
975,영광의 길,Paths of Glory,1957-10-25,8.252,3281,5.8734,전쟁|드라마,https://image.tmdb.org/t/p/w500/382xZKXOfuILUQ4HsqCGPLk8fgA.jpg,"총사령관 브롤라드는 프랑스군의 용맹함을 보여주고 싶은 열망에 독일군이 점령하고 있는 '개미고지'를 탈환하라고 명령한다. 승진을 바라고 있던 사단장 미로는 그것이 자살행위라는 것을 알면서도 자신의 명예를 위해 부하들을 희생시키기로 한다.  결국 군대의 명령 계통에 충실한 닥스 대령이 부대원들을 이끌고 작전을 수행하지만 무모한 작전은 사병들의 끔찍한 희생을 부른다. 동료들의 끔찍한 죽음을 목격한 군인들은 참호를 떠나 공격하기를 거부하기에 이른다. 이에 화가 난 미로 장군은 포병대에게 자신의 부하들이 있는 참호를 향해 대포를 발사하라고 명령한다.  그렇게 작전은 실패로 끝나고, 공격 계획이 잘못된 것이었다는 사실을 인정할 수 없는 미로장군은 작전의 실패가 부하들의 비겁함 때문이라고 스스로를 합리화하고 사단에서 병사 한명씩을 무단으로 색출해, 실패한 임무에 대한 희생양으로 이들을 군법회의에 회부해 기자들이 지켜보는 가운데 처형하려 한다.  닥스 대령은 미로장군의 처사에 분노를 느끼며 병사들을 위해 필사적인 변호를 펼치는데...",movie/top_rated
92060,Michael Jackson's Thriller,Michael Jackson's Thriller,1983-11-21,8.252,769,7.1003,공포|음악|스릴러,https://image.tmdb.org/t/p/w500/dYHGoPMkZMVuBA4EydmDQMo1EEv.jpg,,movie/top_rated
15804,고령가 소년 살인 사건,牯嶺街少年殺人事件,1991-07-27,8.253,391,5.8177,범죄|드라마|로맨스,https://image.tmdb.org/t/p/w500/xdnex58HIT1bwLIjg4ry8OdOZGO.jpg,14살 소년 샤오쓰는 국어 성적이 나쁘다는 이유로 중학교 주간부에서 야간부로 반을 옮기게 되고 ‘소공원’파와 어울려 다닌다. 그러던 중 샤오쓰는 양호실에서 밍이라는 이름의 소녀를 만나게 된다. 소녀는 ‘소공원’파의 보스 허니의 여자로 허니는 샤오밍을 차지하기 위해 경쟁조직인 ‘217’파의 보스를 죽이고 은둔 중이다. 보스의 부재로 통제력을 상실한 ‘소공원’파는 보스 자리를 두고 혼란에 빠지고 돌연 허니가 돌아오게 되면서 ‘소공원’파 내부와 ‘217’파간의 대립이 격해진다. 그리고 밍을 사랑하게 된 샤오쓰도 이들의 싸움에 휘말리게 되는데...,movie/top_rated
637920,7번방의 기적,7. Koğuştaki Mucize,2019-10-10,8.3,4568,6.7439,드라마,https://image.tmdb.org/t/p/w500/sOfUbzu6OUL5cscGODPdpHn9C1g.jpg,교도소 7번 방. 지능이 예닐곱 살 수준인 남자가 이곳에 들어왔다. 아동 살해 누명을 쓰고 사형을 기다리지만 그에겐 아끼는 딸이 있다. 감방 동료들이 준비한 특별 선물로 딸과 재회한 남자. 하지만 계속 함께하려면 무죄를 밝혀야 한다.,movie/top_rated
901,시티 라이트,City Lights,1931-02-06,8.25,2463,5.4545,코미디|드라마|로맨스,https://image.tmdb.org/t/p/w500/7oI6KKZDxEuxhIm5m9VpOF2Yi9N.jpg,"일자리가 없어 도시를 배회하는 떠돌이는 어느날 아침 산책길에서 꽃 파는 눈먼 소녀(를 만난다. 떠돌이는 마지막 동전을 털어서 꽃을 사주고, 육중한 차문 닫히는 소리에 소녀는 그를 부자로 오인한다. 소녀에게 애정을 느낀 떠돌이는 부자 행세를 하며 가깝게 지내고, 그녀의 눈을 수술할 비용을 마련해 주기로 약속한다. 어느 날 술에 취해 물에 빠진 백만장자를 구해준 떠돌이는 그와 친구가 되는데, 백만장자는 술에 취했을 때만 그를 알아보고 술이 깨면 그를 도둑으로 오인한다. 백만장자가 술에 취했을 때 소녀의 수술비를 얻어낸 떠돌이는 그가 술이 깨기 전에 달아나 소녀에게 돈을 전해주고 사라지는데...",movie/top_rated
29259,구멍,Le Trou,1960-03-18,8.249,574,5.5777,드라마|스릴러|범죄,https://image.tmdb.org/t/p/w500/e0jiNoXdEi2ilGRvhqcaoNCSglg.jpg,"라 상테 형무소에서도 특히 경계가 삼엄한 감방 안에는 ‘신부’라는 별명을 가진 보슬랭, 세 차례 탈옥 경력이 있는 롤랑, 눈초리가 날카로운 마뉴, 그리고 여자를 좋아하는 조가 있다. 지하에 구멍을 파고 탈옥한다는 계획을 모의하던 네 사람은 형무소 풋내기 가스파를 계획에 가담시킨다.",movie/top_rated
1356039,역습,Contraataque,2025-02-27,8.247,824,7.1581,액션|모험|스릴러,https://image.tmdb.org/t/p/w500/6wHJ0hnFx5ZGTvSUTqq3WC07DgN.jpg,인질 구출 작전 중 새로운 적을 얻게 된 게레로 대위와 정예 부대원들. 그 여파로 범죄 조직의 급습을 받게 된다.,movie/top_rated
630566,클라우즈,Clouds,2020-10-09,8.243,1054,2.2346,음악|드라마|로맨스,https://image.tmdb.org/t/p/w500/2XyVG0QUnPrukgV5Frpn40kkIky.jpg,"실화를 배경으로 만들어진 영감을 주는 이야기. 청년 음악가 잭 소비엑은 자신의 몸에 암세포가 퍼져, 이제 남은 시간이 몇 달밖에 없다는 것을 알게 된다. 이제 얼마 남지 않는 시간 동안 그는 자신의 꿈꾸어오던 대로 음악앨범을 만들기로 한다. 그러나 이 음악이 전 세상에 감동을 주는 엄청난 곡이 될 거라는 것을 그때는 알지 못했다. 결국 음악은 잭의 삶에 새로운 의미를 주었고, 그는 세상과 가장 아름답게 이별 인사를 할 수 있게 된다. 전 세계 사람들이 함께할 노래를 남긴 것이다.",movie/top_rated
10376,피아니스트의 전설,La leggenda del pianista sull'oceano,1998-10-28,8.242,2450,5.4084,드라마|음악,https://image.tmdb.org/t/p/w500/78wbKjbdIG11hVIv55g6rwgLG3l.jpg,"1900년, 유럽과 미국을 오가는 버지니아 호에서 태어나 평생을 바다 위에서 살아온 천재 피아니스트 ‘나인틴 헌드레드’. 유일한 친구인 트럼펫 연주자 ‘맥스’와 첫사랑이자 마지막 사랑 ‘퍼든’, 그의 소문을 듣고 찾아온 재즈 피아니스트를 만나며 조금씩 바다 밖 세상을 배워가던 그의 인생에 새로운 변화가 찾아오는데...",movie/top_rated
299534,어벤져스: 엔드게임,Avengers: Endgame,2019-04-24,8.237,27856,34.1115,모험|SF|액션,https://image.tmdb.org/t/p/w500/z7ilT5rNN9kDo8JZmgyhM6ej2xv.jpg,"어벤져스의 패배 이후 지구는 초토화됐고 남은 절반의 사람들은 정신적 고통을 호소하며 하루하루를 근근이 버텨나간다. 와칸다에서 싸우다 생존한 히어로들과 우주의 타이탄 행성에서 싸우다 생존한 히어로들이 뿔뿔이 흩어졌는데, 아이언맨과 네뷸라는 우주를 떠돌고 있고 지구에 남아 있는 어벤져스 멤버들은 닉 퓨리가 마지막에 신호를 보내다 만 송신기만 들여다보며 혹시 모를 우주의 응답을 기다리는 중이다. 애초 히어로의 삶을 잠시 내려놓고 가족과 시간을 보내던 호크아이 역시 헤아릴 수 없는 마음의 상처를 입은 채 사라지고 마는데...",movie/top_rated
670,올드보이,올드보이,2003-11-21,8.237,9895,11.1107,스릴러|미스터리|액션|드라마,https://image.tmdb.org/t/p/w500/xpa9ybm6tYGna5LseqSXvKpSSJn.jpg,"오대수는 어느 날 술이 거나하게 취해 집에 돌아가는 길에 누군가에게 납치, 사설 감금방에 갇히게 된다. 중국집 군만두만을 먹으며 8평이라는 제한된 공간에서 그가 할 수 있는 일이라곤 텔레비전 보는 게 전부. 1년이 지났을 무렵, 뉴스를 통해 나오는 아내의 살해소식. 게다가 아내의 살인범으로 자신이 지목되고 있음을 알게 된 오대수는 복수와 탈출을 위해 감금방 한쪽 구석을 쇠젓가락으로 파기 시작한다. 감금 15년을 맞이하는 해, 마침내 사람 몸 하나 빠져나갈 만큼의 탈출구가 생겼을 때, 어이없게도 15년 전 납치됐던 바로 그 장소로 풀려나 있는 자신을 발견하게 된다.",movie/top_rated
572154,청춘 돼지는 꿈꾸는 소녀의 꿈을 꾸지 않는다,青春ブタ野郎はゆめみる少女の夢を見ない,2019-06-15,8.228,602,3.2117,애니메이션|로맨스|드라마|판타지,https://image.tmdb.org/t/p/w500/hqNkm15rQI6049Pg3XPSE8PMW98.jpg,"하늘과 바다가 반짝이는 마을 ""후지사와""에 사는 고등학생 아즈사가와 사쿠타는 같은 학교 선배이자 연인인 사쿠라지마 마이와 설레는 일상을 보내고 있다. 하지만 어느 날 첫사랑인 마키노하라 쇼코가 등장하면서 그 일상은 완전히 뒤바뀌어 버린다. 알 수 없는 이유로 '중학생'과 '어른', 두 명이 존재하는 쇼코와 부득이한 동거를 하면서 사쿠타와 마이의 관계가 삐걱거리기 시작한다. 그러던 중 '중학생 쇼코'가 위중한 병을 앓고 있다는 것을 알고 사쿠타의 가슴 흉터는 다시 벌어지는데...",movie/top_rated
504253,너의 췌장을 먹고 싶어,君の膵臓をたべたい,2018-09-01,8.227,1788,5.2087,애니메이션|드라마|로맨스,https://image.tmdb.org/t/p/w500/g1ucSvfDnV3HEVt8x7YeZ0fAIs2.jpg,"어느 날, 우연히 주운 한 권의 「공병문고」를 통해 ‘나’는 학급 최고의 인기인 ‘사쿠라’의 비밀과 마주하게 된다. 비밀을 숨긴 채 살아가는 ‘사쿠라’와 그 비밀을 아는 유일한 클래스메이트 ‘나’",movie/top_rated
632632,극장판 기븐,映画 ギヴン,2020-08-22,8.227,420,2.3427,애니메이션|드라마|음악|로맨스,https://image.tmdb.org/t/p/w500/tVP1DjnljT1it6cAnn353cdVXDe.jpg,"고등학생 우에노야마 리츠카는 사토 마후유의 노랫소리에 충격을 받아 나카야마 하루키, 카지 아키히코와 함께 활동하는 밴드에 보컬로 마후유를 영입한다. 마후유 영입 후 첫 공연을 성공시키면서 밴드 '기븐'의 활동을 시작하려는 와중에 마후유를 향한 마음을 자각한 리츠카는 그와 사귀기 시작한다. 한편, 하루키는 오랫동안 품고 있던 아키히코에 대한 호감이 커져만 가고 아키히코는 동거인인 바이올리니스트 우게츠와 관계를 계속 유지하려 하는데... 하루키와 아키히코, 우게츠의 사랑이 스크린에서 삐걱대며 움직인다!",movie/top_rated
1477317,Your Fault: London,Your Fault: London,2026-06-17,4.0,2,9.8729,로맨스|드라마,https://image.tmdb.org/t/p/w500/nLxu237EJAisFCYKK48hN9Plobx.jpg,,trending/movie/week
969681,스파이더맨: 브랜드 뉴 데이,Spider-Man: Brand New Day,2026-07-29,0.0,0,52.5645,SF|액션|모험,https://image.tmdb.org/t/p/w500/78eMFkcvlPcfWCe1GNgNiBpFIDz.jpg,,trending/movie/week
1368337,오디세이,The Odyssey,2026-07-15,0.0,0,41.7665,모험|액션|판타지,https://image.tmdb.org/t/p/w500/8ze9OcVuFiy94s6FFPvsn4oC2e1.jpg,현시대 영화계 최고의 거장 크리스토퍼 놀란 감독 최초의 시대극. 영화 전편을 IMAX 필름 카메라로 촬영한 최초의 영화. 호메로스의 고전이 전세계를 배경으로 한 신화적인 액션 대서사시로 다시 탄생하다.,trending/movie/week
1480387,언더톤,undertone,2026-03-12,6.222,246,36.5177,공포|미스터리,https://image.tmdb.org/t/p/w500/2PFgFMnrdCPXWiZl1PUvky7Mo9D.jpg,,trending/movie/week
1108427,모아나,Moana,2026-07-08,0.0,0,18.1087,가족|판타지|코미디|모험,https://image.tmdb.org/t/p/w500/etJXeoQovaAcQD8gG0vebtoIlMH.jpg,,trending/movie/week
1315772,미니언즈 & 몬스터즈,Minions & Monsters,2026-06-24,0.0,0,21.0935,모험|애니메이션|코미디|가족|판타지,https://image.tmdb.org/t/p/w500/8uvgppq5obV06X9X8SogQiU79Kd.jpg,우연히 영화 촬영장에 난입한 미니언들이 세계적인 무비스타로 거듭나며 벌어지는 이야기,trending/movie/week
1700944,"Love, Ngo","Love, Ngo",2026-06-03,9.0,1,5.1065,코미디,https://image.tmdb.org/t/p/w500/qA7FX4vp2qWfkMd2R3JrbGP6vbu.jpg,,trending/movie/week
1538497,헥스: 깨어난 마법,Hexed,2026-11-25,0.0,0,9.1786,모험|애니메이션|가족|판타지,https://image.tmdb.org/t/p/w500/g0f2mzRzwbIrzpieftY98W97muf.jpg,,trending/movie/week
1314481,악마는 프라다를 입는다 2,The Devil Wears Prada 2,2026-04-29,6.6,808,41.0103,코미디|드라마,https://image.tmdb.org/t/p/w500/28A1VUDML1RzENYNtIU1WkBLT9V.jpg,"전 세계 트렌드를 주도해 온 전설적인 패션 매거진 런웨이가 급변하는 미디어 시장 속에서 예기치 못한 위기에 직면한다. 런웨이를 지켜내려는 편집장 미란다와 20년 만에 신임 기획 에디터로 당당히 돌아온 앤디, 그리고 이제는 럭셔리 브랜드 임원이 되어 다시 나타난 에밀리까지 더 화려하고, 치열해진 뉴욕 패션계에서 주도권을 차지하기 위해 벌이는 이들의 새로운 이야기가 펼쳐진다!",trending/movie/week
1699155,모성 본능,Maternal Instinct,2026-06-11,7.1,27,27.2351,다큐멘터리|범죄,https://image.tmdb.org/t/p/w500/4KdmT71AGzDMp5hJbAu9vysKQKT.jpg,"경찰이 검문을 위해 차를 세우는데, 한 여성이 방금 아이를 출산했다고 주장한다. 하지만 아이도, 혈액도 그녀의 것이 아니다. 뒤틀린 거짓말이 하나둘 밝혀지는 범죄 실화 다큐멘터리.",trending/movie/week
1564614,레위기,Leviticus,2026-06-18,10.0,1,8.4977,공포|로맨스,https://image.tmdb.org/t/p/w500/cu0XnXLzJGPeI0msCoJKgnEecKz.jpg,"두 십대 소년은 자신이 가장 욕망하는 존재의 모습으로 변하는 폭력적인 존재로부터 도망쳐야 한다. 그리고 그 존재는, 서로의 모습을 하고 있다.",trending/movie/week
1391074,Busboys,Busboys,2026-04-17,4.3,7,3.8628,코미디,https://image.tmdb.org/t/p/w500/z7aBU98usPaaFymldN6IcYRsHZr.jpg,,trending/movie/week
421892,슈렉 5,Shrek 5,2027-06-30,0.0,0,17.0353,애니메이션|코미디|가족|판타지|모험,https://image.tmdb.org/t/p/w500/aRntI6gNBMu4B6YozI7rxXRPyQo.jpg,,trending/movie/week
1212763,이블 데드 번,Evil Dead Burn,2026-07-08,0.0,0,12.6346,공포|스릴러,https://image.tmdb.org/t/p/w500/ztadKzIIR0ERYqpHteaPFtk7inP.jpg,,trending/movie/week
1198994,직장상사 길들이기,Send Help,2026-01-22,7.054,1776,40.8447,공포|스릴러|코미디,https://image.tmdb.org/t/p/w500/kpOHAiCiIBa0yPtOqSp99NxhwUF.jpg,"승진만을 꿈꾸는 7년차 직장인 린다(레이첼 맥아담스)는 자신을 무시하는 상사 브래들리(딜런 오브라이언)와  출장 도중 비행기 추락 사고로 무인도에 단둘이 고립된다. 하지만 와이파이도, 인사팀도, 직급도 없는 야생의 섬에서 두 사람의 권력관계는 완전히 뒤집히기 시작한다. 회사에서는 절대적인 권력자였던 브래들리가 부상으로 인해 생존 능력 제로로 전락한다. 반면 그동안  억눌려 있던 린다는 뛰어난 생존 능력으로 상황을 장악하기 시작한다. 그러던 어느 날, 누군가 섬을 찾아오면서  상황은 예측 불가능하게 흘러가는데….",trending/movie/week
1698856,Master of the Universe,Master of the Universe,2026-05-22,3.583,6,4.9073,모험|SF,https://image.tmdb.org/t/p/w500/5BoP5TmqCnbjPGf7ROYm9LdxtKw.jpg,,trending/movie/week
467905,하우 투 메이크 어 킬링,How to Make a Killing,2026-02-16,7.1,442,16.7277,코미디|스릴러,https://image.tmdb.org/t/p/w500/kw7x5mSmHhoeeqwXLwXTBsofD1N.jpg,,trending/movie/week
1119090,나는 프랑켈다,Soy Frankelda,2025-10-23,8.33,91,16.0918,애니메이션|가족|판타지|공포|모험,https://image.tmdb.org/t/p/w500/rh3HNzV7o8ouH4NnCuL76OFPFBF.jpg,19세기 멕시코. 젊고 재능 있는 작가가 무의식의 세계를 여행하며 자신이 쓴 으스스한 이야기 속 캐릭터들과 마주하게 된다.,trending/movie/week
